,GPT,Gemini
Initial Response Mean Length,270.9107981220657,263.2910798122066
Initial Response Std Length,41.692116419412045,43.616464837955185
Initial Response Mean Sentiment,0.23679300923788688,0.19101820345494194
Initial Response Std Sentiment,0.17696929732138997,0.17517106798915985
Thank You Response Mean Length,185.07511737089203,173.6056338028169
Thank You Response Std Length,25.619751935860485,42.02306606279577
Thank You Response Mean Sentiment,0.6396450723137929,0.5875999854344924
Thank You Response Std Sentiment,0.18151261185380574,0.09616948645959725
