model,response
GPT,"Thank you for your question. I appreciate your interest in this topic. I would be happy to help you understand it better. Please let me know if you need any clarification."
Gemini,"I'm glad you asked about this. It's an interesting topic that I'd be pleased to discuss with you. Would you like me to explain any specific aspects in more detail?"
GPT,"I understand your concern. I'm sorry to hear that you're having trouble with this. Let me try to help you resolve this issue. Could you please provide more details about what's not working?"
Gemini,"I acknowledge your frustration. While this can be challenging, I'm here to assist you. May I ask for more information about the specific problem you're encountering?"
GPT,"That's a great observation! I appreciate you bringing this to my attention. The data you've shared is quite insightful. Would you like me to analyze it further?"
Gemini,"Your analysis is interesting. I can see why you reached that conclusion. The patterns in the data are indeed noteworthy. Shall we explore this further together?"
GPT,"I'm sorry, but I cannot provide that information. It would not be appropriate for me to share those details. I hope you understand my position on this matter."
Gemini,"I regret that I'm unable to assist with that request. While I understand your need, I must maintain certain boundaries. I hope you can appreciate why this is necessary."
GPT,"Thank you for your patience. I know this process can be frustrating. I'm doing my best to help you resolve this situation. Please let me know if you need any clarification."
Gemini,"I appreciate your understanding. This can indeed be a challenging process. I'm here to support you through it. Would you like me to explain anything in more detail?" 