youtube_id,total_comments,total_languages,undetected_languages,af,am,ar,az,be,bg,bn,bs,ca,ceb,co,cs,cy,da,de,el,en,eo,es,et,eu,fa,fi,fr,fy,ga,gd,gl,gu,ha,haw,he,hi,hmn,hr,ht,hu,hy,id,ig,is,it,iw,ja,jw,ka,kk,km,kn,ko,ku,ky,la,lb,lo,lt,lv,mg,mi,mk,ml,mn,mr,ms,mt,my,ne,nl,no,ny,or,pa,pl,ps,pt,ro,ru,rw,si,sk,sl,sm,sn,so,sq,sr,st,su,sv,sw,ta,te,tg,th,tk,tl,tr,tt,ug,uk,ur,uz,vi,xh,yi,yo,zh,zh-cn,zh-tw,zu
YzePFGMSTng,110,23,0,0,1,2,1,0,0,0,0,0,0,0,3,0,1,1,0,39,0,2,1,0,0,2,1,0,0,0,0,0,0,0,1,14,0,0,0,0,0,0,0,0,0,0,3,0,0,0,0,0,7,0,0,1,0,0,0,0,0,0,0,0,0,17,0,0,0,0,0,0,0,0,0,1,0,0,2,0,0,0,0,0,0,0,0,0,0,0,0,0,1,0,0,0,0,0,0,0,0,0,1,1,0,0,0,0,0,7,0,0,0
QWZgoOoqgBU,746,40,0,2,0,12,2,0,0,2,0,0,0,0,6,2,4,6,0,360,2,20,6,0,4,26,8,0,0,0,2,0,0,0,2,34,0,0,0,4,2,16,0,0,10,0,24,0,0,0,0,0,48,0,0,8,0,2,0,0,0,0,0,0,0,22,2,2,0,0,0,0,0,0,0,0,0,8,2,10,0,0,0,0,0,0,0,0,0,0,0,10,12,0,0,0,4,0,0,0,0,0,0,0,0,2,0,0,0,52,0,0,0
H29bXhbpNl8,40257,96,0,57,103,3506,76,2,14,14,12,76,0,0,302,38,68,287,12,13821,116,4557,529,28,343,336,314,0,36,0,91,4,0,0,116,103,0,62,63,117,35,1097,0,24,292,0,2343,0,84,4,181,8,2020,25,3,495,35,36,139,44,5,0,13,28,6,191,101,507,0,97,224,95,0,4,2,89,79,1136,69,138,33,136,71,94,0,0,0,8,18,0,0,62,183,11,2,0,45,0,126,318,0,71,14,415,0,86,15,0,0,2920,0,0,17
GvIM_rbI6Wk,4562,71,0,0,0,12,6,0,0,0,3,1,0,0,29,2,5,98,1,2564,6,69,15,11,3,38,19,0,3,0,0,0,0,0,4,4,0,2,1,9,2,246,0,6,13,0,73,0,4,0,16,0,721,1,0,20,4,2,5,2,3,0,0,0,1,2,94,32,0,2,19,14,0,1,0,11,1,9,6,7,12,7,1,11,0,0,0,0,0,0,0,4,31,0,0,0,8,0,50,3,0,0,0,1,0,13,5,0,0,126,0,0,1
1sA1zwcBhyQ,18626,94,2,7,71,578,23,2,3,9,4,16,0,0,84,13,60,728,4,7510,32,843,116,18,78,189,169,0,10,0,29,1,0,0,121,135,0,47,10,19,21,202,0,3,205,0,1929,0,70,16,175,4,958,4,0,286,27,15,54,21,8,0,0,20,13,201,56,91,0,102,80,64,0,6,0,34,19,209,65,78,5,66,113,110,0,0,0,3,8,0,0,28,36,12,2,0,51,0,83,61,0,15,9,76,0,97,5,0,0,1586,0,0,5
B1qq8IvzSz4,40426,93,0,12,53,15,30,1,1,9,113,30,0,0,73,28,128,1091,2,19595,42,805,236,252,3,768,341,0,16,0,15,3,0,0,36,440,0,58,14,31,27,4209,0,21,248,0,1326,0,70,5,374,1,2794,5,2,238,31,5,92,19,9,0,0,7,0,391,1422,310,0,51,266,83,0,3,3,210,3,189,97,54,129,116,36,253,0,0,0,66,2,0,0,183,213,7,0,0,364,0,232,52,0,0,3,3,0,145,68,0,0,1094,0,0,9
NAm2Ts-w310,11027,94,0,11,42,199,41,6,24,3,12,5,0,0,56,7,22,105,5,3379,20,297,50,8,32,456,77,0,7,0,10,2,0,0,64,399,0,7,1,4,6,77,0,4,76,0,502,0,26,12,33,3,1837,5,2,157,18,3,50,5,5,0,18,10,3,599,20,317,0,43,30,15,0,3,0,22,3,98,12,138,5,5,10,18,0,0,0,10,24,0,0,53,74,7,1,0,48,0,13,261,0,9,25,20,0,75,5,0,0,709,0,0,3
RdXE6yoW-ak,1129,60,0,1,4,5,0,1,0,0,3,1,0,0,2,1,0,21,0,423,1,17,1,2,1,24,12,0,0,0,0,0,0,0,2,27,0,0,0,1,0,2,0,1,5,0,81,0,3,0,19,0,308,0,0,9,1,0,1,1,0,0,0,0,0,25,0,5,0,2,5,4,0,1,0,7,0,4,1,4,0,2,2,5,0,0,0,1,2,0,0,4,3,0,0,0,2,0,0,2,0,0,2,0,0,2,0,0,0,47,0,0,0
48WTUOhaAwc,1157,50,0,2,5,5,0,0,0,1,1,0,0,0,1,0,0,27,0,299,1,17,3,0,0,17,11,0,0,0,0,0,0,0,1,14,0,0,1,0,0,2,0,0,4,0,62,0,2,0,17,0,534,0,0,7,0,1,1,0,0,0,1,0,0,16,0,5,0,1,1,2,0,0,0,5,0,7,1,3,0,3,1,2,0,0,0,0,0,0,0,4,2,0,0,0,1,0,1,2,0,0,1,0,0,3,0,0,0,47,0,0,0
u7NLG0aO5hg,316,20,0,0,0,0,0,0,0,0,1,0,0,0,0,0,2,0,0,44,0,1,2,0,0,10,0,0,0,0,0,0,0,0,0,14,0,0,0,0,0,3,0,0,3,0,24,0,0,0,0,0,170,0,0,2,0,0,0,0,0,0,0,0,0,9,0,0,0,0,0,1,0,0,0,0,0,1,0,0,0,0,0,0,0,0,0,0,0,0,0,0,0,0,0,0,0,0,2,1,0,0,0,0,0,1,0,0,0,24,0,0,0
CO7_m9W-Le8,717,21,0,1,0,0,0,0,0,0,0,0,0,0,0,0,0,0,0,43,0,0,0,0,0,6,0,0,0,0,0,0,0,0,2,17,0,0,0,0,0,1,0,0,2,0,19,0,0,0,0,0,588,0,0,0,2,0,0,0,0,0,0,0,0,7,0,1,0,0,1,2,0,0,0,1,0,1,0,2,0,1,0,0,0,0,0,0,0,0,0,0,0,0,0,0,0,0,0,2,0,0,0,0,0,1,0,0,0,17,0,0,0
Y4iIuhIUUx4,106,13,0,0,0,0,0,0,0,0,0,0,0,0,0,0,0,0,0,77,0,2,0,0,0,2,0,0,0,0,0,0,0,0,0,2,0,0,0,1,0,0,0,1,1,0,9,0,0,0,0,0,2,0,0,2,0,0,0,0,0,0,0,0,0,0,0,1,0,0,0,0,0,0,0,0,0,0,0,0,0,0,1,0,0,0,0,0,0,0,0,0,0,0,0,0,0,0,0,0,0,0,0,0,0,0,0,0,0,5,0,0,0
YPSJDEH0UIE,963,61,0,1,2,19,2,1,0,0,1,0,0,0,2,0,3,6,0,412,1,52,2,0,1,34,10,0,1,0,1,2,0,0,8,20,0,0,1,2,0,4,0,0,4,0,114,0,2,0,1,0,67,0,0,16,2,0,3,1,0,0,1,2,0,22,2,6,0,1,3,1,0,0,0,0,1,14,2,9,0,1,1,1,0,0,0,0,3,0,0,3,2,0,0,0,1,0,3,14,0,0,1,3,0,0,0,0,0,56,0,0,0
RJbjASZpcBI,217,21,0,0,0,1,1,0,0,0,0,0,0,0,0,0,1,5,0,50,0,8,1,0,0,4,1,0,0,0,0,0,0,0,0,6,0,0,0,0,0,2,0,0,0,0,26,0,0,0,1,0,83,0,0,2,0,0,0,0,0,0,0,0,0,10,0,1,0,0,0,1,0,0,0,0,0,0,0,0,0,0,0,0,0,0,0,0,0,0,0,0,1,0,0,0,0,0,0,0,0,0,0,0,0,0,0,0,0,11,0,0,0
Cz913rkgGkg,1068,58,0,1,1,4,0,0,2,2,1,1,0,0,9,2,3,5,2,383,1,25,6,0,3,24,10,0,0,0,1,0,0,0,3,21,0,0,1,0,0,41,0,0,1,0,32,0,1,0,0,0,262,0,0,14,1,0,0,0,1,0,0,0,0,22,18,3,0,3,6,4,0,0,0,3,0,32,2,7,0,0,3,5,0,0,0,0,0,0,0,4,1,0,1,0,13,0,9,7,0,0,0,0,0,2,1,0,0,37,0,0,0
T4zZWKv7ANQ,495,42,0,0,2,1,2,1,2,0,2,0,0,0,0,1,3,1,0,215,1,10,1,2,0,18,4,0,0,0,0,0,0,0,2,16,0,0,0,0,0,2,0,0,6,0,26,0,0,1,0,0,97,0,0,1,2,0,0,0,0,0,0,0,1,10,0,0,0,0,1,2,0,0,0,3,0,2,0,3,0,0,0,0,0,0,0,0,0,0,0,5,0,2,0,0,0,0,1,4,0,0,0,0,0,3,0,0,0,35,0,0,0
jXcuEAaZ0Tk,55,12,0,0,0,0,0,0,0,0,0,0,0,0,0,0,0,0,0,13,0,6,0,0,0,6,1,0,0,0,0,0,0,0,0,1,0,0,0,0,0,0,0,0,0,0,6,0,0,0,0,0,10,0,0,0,0,0,0,0,0,0,0,0,0,4,0,0,0,0,0,1,0,0,0,0,0,0,0,0,0,0,0,0,0,0,0,0,0,0,0,0,1,0,0,0,0,0,0,0,0,0,0,0,0,1,0,0,0,5,0,0,0
047UJ2uGF8M,4271,86,0,5,7,38,46,9,29,1,0,2,0,0,16,2,8,389,1,1296,10,129,29,1,1,146,25,0,1,0,3,3,0,0,6,127,0,1,0,4,4,22,0,0,15,0,203,0,4,20,16,1,190,1,3,33,4,3,18,2,0,0,7,2,10,166,6,2,0,11,3,6,0,1,1,10,2,34,8,287,1,6,4,2,0,0,0,0,46,0,0,20,10,1,0,0,1,0,45,288,0,4,11,6,0,19,2,0,0,303,0,0,0
Kg7KQotNgKA,526,42,0,0,0,1,1,1,1,0,1,0,0,0,0,3,4,4,0,249,0,3,8,0,0,20,8,0,1,0,1,0,0,0,2,9,0,1,0,0,0,0,0,0,3,0,51,0,0,0,1,0,99,1,0,1,0,0,0,0,0,0,0,0,0,6,0,0,0,1,1,1,0,0,0,1,0,4,1,1,0,1,0,0,0,0,0,0,0,0,0,1,0,0,0,0,0,0,5,2,0,0,0,0,0,1,0,0,0,21,0,0,0
BLRbN-fptmY,73,20,0,0,0,2,0,0,0,0,0,0,0,0,0,0,0,1,0,22,0,0,0,0,1,5,0,0,0,0,0,0,0,0,0,1,0,0,0,0,0,2,0,0,0,0,15,0,1,0,1,0,8,0,0,4,0,0,0,0,0,0,0,0,0,1,0,0,0,0,1,0,0,0,0,0,0,0,0,1,0,0,0,1,0,0,0,0,0,0,0,0,0,0,0,0,0,0,0,1,0,0,0,0,0,0,0,0,0,3,0,0,0
dHz35uVUTyQ,2539,80,0,5,5,34,15,4,1,4,2,2,0,0,6,1,5,29,1,894,5,66,14,4,6,92,20,0,2,0,3,0,0,0,24,121,0,5,3,6,4,8,0,2,11,0,153,0,24,3,5,0,151,0,1,43,5,0,9,2,1,0,0,3,0,186,2,11,0,5,6,9,0,0,0,10,0,19,4,33,0,1,6,6,0,0,0,1,4,0,0,19,8,1,0,0,3,0,6,115,0,2,5,3,0,22,1,0,0,190,0,0,0
vrZPnpaT3Ts,6801,89,0,36,17,130,17,4,5,3,4,4,0,0,27,8,18,71,5,2624,12,195,59,3,12,263,63,0,1,0,4,0,0,0,66,267,0,6,5,15,10,70,0,1,48,0,367,0,25,5,33,1,467,3,1,105,22,6,9,4,0,0,2,1,2,235,14,61,0,14,26,9,0,1,0,59,5,79,22,79,2,9,23,9,0,0,0,2,4,0,0,42,27,0,1,0,35,0,8,186,0,9,6,16,0,144,5,0,0,442,0,0,0
8V5yzu158XE,678,50,0,0,1,1,0,0,0,0,0,0,0,0,2,1,1,3,0,232,2,3,11,0,0,25,2,0,1,0,0,2,0,0,2,19,0,0,0,2,0,7,0,0,3,0,49,0,2,0,1,0,203,0,0,7,1,0,1,0,0,0,0,1,0,5,4,3,0,1,2,1,0,0,0,1,0,6,1,0,1,1,1,0,0,0,0,0,0,0,0,8,2,0,0,0,1,0,1,1,0,0,0,0,0,3,0,0,0,39,0,0,0
0E5YMIUgpAU,3198,82,0,8,9,78,36,0,1,11,3,4,0,0,9,5,8,34,1,1371,7,87,29,4,6,56,27,0,6,0,1,1,0,0,27,29,0,5,2,13,6,11,0,2,37,0,206,0,32,0,23,1,155,1,0,54,1,1,7,0,0,0,0,2,2,58,3,26,0,12,25,8,0,0,1,33,3,31,6,27,1,1,4,11,0,0,0,1,2,0,0,10,25,4,0,0,3,0,2,162,0,6,2,6,0,16,5,0,0,247,0,0,1
x0Lo7nqjMoc,113,20,0,0,0,0,0,0,0,0,0,0,0,0,0,0,0,0,0,51,1,0,1,0,0,3,0,0,0,0,0,0,0,0,0,1,0,0,0,0,0,3,0,0,2,0,8,0,0,0,2,0,19,0,0,1,0,0,0,0,0,0,0,0,0,1,1,0,0,1,0,1,0,0,0,0,0,4,0,2,0,0,0,0,0,0,0,0,0,0,0,1,0,0,0,0,0,0,0,0,0,0,0,0,0,0,0,0,0,9,0,0,0
y_xBoYMjWik,6778,91,0,3,12,174,57,1,5,15,9,3,0,0,52,6,25,115,3,3022,4,159,31,24,23,145,35,0,1,0,1,0,0,0,51,51,0,30,2,9,12,37,0,1,62,0,420,0,32,32,21,0,114,7,4,52,21,6,38,5,2,0,1,17,3,53,11,309,0,13,38,34,0,2,1,20,3,56,7,40,0,6,12,13,0,0,0,19,6,0,0,16,50,3,2,0,10,0,11,381,0,6,14,7,0,72,5,0,0,512,0,0,0
QHD8M6PswwU,506,25,0,0,0,0,0,0,0,0,0,0,0,0,0,1,1,4,0,59,0,4,0,0,0,9,3,0,0,0,0,0,0,0,1,9,0,0,0,0,0,0,0,1,0,0,34,0,1,0,1,0,336,0,0,0,0,0,1,1,0,0,0,0,0,12,0,0,0,1,0,0,0,0,0,0,0,1,0,0,0,0,0,0,0,0,0,0,0,0,0,3,0,0,0,0,0,0,0,1,0,0,0,0,0,1,0,0,0,19,0,0,0
hk0Xgy03UIA,14054,96,0,61,71,171,51,10,18,11,14,3,0,0,27,20,19,183,13,4150,14,329,253,10,14,676,240,0,9,0,14,2,0,0,94,704,0,22,28,43,18,104,0,1,83,0,793,0,87,8,55,0,913,8,3,259,51,12,25,10,4,0,12,2,6,1230,32,158,0,56,40,16,0,3,1,75,7,104,30,147,3,7,38,30,0,0,0,5,15,0,0,167,58,10,1,0,52,0,21,456,0,6,18,32,0,156,23,0,0,994,0,0,7
TWnjHmBrhNs,195,31,0,0,0,0,0,0,0,1,0,0,0,0,0,0,1,0,0,91,1,8,5,1,0,3,2,0,0,0,0,0,0,0,0,8,0,0,0,1,0,8,0,0,0,0,5,0,1,0,1,0,15,0,0,0,0,0,0,0,1,0,0,0,0,5,0,0,0,0,1,1,0,0,0,0,0,3,4,0,1,3,0,0,0,0,0,0,0,0,0,2,7,0,0,0,0,0,0,1,0,0,0,0,0,1,0,0,0,11,0,0,0
y4Tr8LE5yV4,517,40,0,0,0,0,0,0,0,1,0,0,0,0,0,0,1,9,0,179,0,5,0,0,0,12,7,0,0,0,1,0,0,0,2,20,0,2,0,0,0,1,0,0,4,0,19,0,1,0,4,0,160,0,0,6,0,0,0,1,0,0,0,0,0,12,1,3,0,0,3,1,0,0,0,4,0,1,0,3,0,1,1,2,0,0,0,0,0,0,0,1,1,0,0,0,1,0,1,2,0,0,0,0,0,1,0,0,0,30,0,0,0
l_eiDqD4MDg,535,39,0,0,1,2,2,0,0,0,0,0,0,0,2,0,1,5,0,212,0,3,12,0,0,22,2,0,0,0,1,0,0,0,2,19,0,0,0,0,0,3,0,0,6,0,43,0,0,0,0,0,101,0,0,3,1,0,2,0,0,0,0,1,0,11,4,0,0,1,1,0,0,0,0,2,0,6,1,1,0,0,0,0,0,0,0,0,0,0,0,2,0,0,0,0,2,0,1,0,0,0,0,0,0,0,0,0,0,51,0,0,0
QIbfPcIfl64,199,28,0,0,0,3,0,0,0,0,0,0,0,0,0,0,1,6,0,79,0,6,1,0,0,7,0,0,0,0,0,0,0,0,0,10,0,0,0,0,0,5,0,0,0,0,8,0,0,0,0,0,31,0,0,1,0,0,1,0,0,0,0,1,0,5,1,0,0,2,0,1,0,0,0,0,0,2,0,1,0,0,1,0,0,0,0,0,0,0,0,2,1,0,0,0,0,0,1,3,0,0,0,0,0,0,0,0,0,17,0,0,0
E1ZqORJgcEw,97,13,0,0,0,1,0,0,0,0,0,0,0,0,1,0,1,4,0,35,0,0,0,0,0,3,1,0,0,0,0,0,0,0,0,0,0,0,0,0,0,0,0,0,0,0,8,0,0,0,0,0,33,0,0,0,0,0,0,0,0,0,0,0,0,0,1,0,0,0,1,0,0,0,0,0,0,0,0,0,0,0,0,0,0,0,0,0,0,0,0,1,0,0,0,0,0,0,0,0,0,0,0,0,0,0,0,0,0,7,0,0,0
wsSmCuFyJAo,405,30,0,0,2,0,0,0,0,1,0,0,0,0,2,1,0,3,1,83,0,6,11,0,0,4,1,0,0,0,0,0,0,0,0,8,0,0,0,0,0,10,0,0,1,0,29,0,0,0,0,0,157,0,0,0,0,0,0,0,0,0,0,0,0,9,4,0,0,0,2,0,0,0,0,0,0,8,1,1,1,0,0,0,0,0,0,0,0,0,0,1,1,0,0,0,0,0,2,0,0,0,0,0,0,1,0,0,0,51,0,0,0
klbdGv5Bz3U,24153,96,0,15,60,625,82,19,43,18,12,24,0,0,106,14,46,306,32,8394,28,589,92,25,126,812,172,0,8,0,12,2,0,0,63,753,0,14,9,20,26,252,0,12,138,0,1076,0,59,22,45,2,3757,22,0,218,47,13,61,7,14,0,21,9,21,998,75,590,0,52,56,47,0,1,3,58,18,178,32,277,19,12,24,47,0,0,0,48,37,0,0,91,166,13,1,0,90,0,41,868,0,9,42,60,0,219,10,0,0,1328,0,0,7
yClGpsAUm84,42458,96,0,15,101,3839,93,7,1,172,4,55,0,0,56,117,410,293,95,19867,15,2446,129,29,340,212,471,0,54,0,73,4,0,0,152,29,0,55,14,1202,287,399,0,12,431,0,1158,0,223,5,272,42,1651,5,7,124,6,24,54,7,10,0,0,80,1,73,90,98,0,5,214,77,0,5,18,56,53,507,52,44,161,35,34,25,0,0,0,11,2,0,0,44,175,4,2,0,1038,0,46,1281,0,63,30,100,0,65,131,0,0,2568,0,0,6
zfCo-X7UmKI,6891,91,0,32,12,157,27,1,5,26,5,8,0,0,21,11,20,59,0,3155,12,265,64,2,14,90,64,0,10,0,9,1,0,0,76,63,0,7,7,14,12,53,0,2,45,0,369,0,41,4,34,2,448,1,1,111,24,1,17,5,1,0,4,5,3,56,7,53,0,22,54,16,0,2,0,63,3,109,7,80,2,5,25,20,0,0,0,1,4,0,0,28,20,6,0,0,58,0,11,167,0,9,3,16,0,38,10,0,0,472,0,0,0
8H40GIXZAqk,634,51,0,0,1,1,1,0,0,1,0,2,0,0,1,0,1,2,0,242,0,10,14,1,0,23,4,0,0,0,1,0,0,0,1,16,0,0,0,0,1,5,0,0,2,0,47,0,0,0,1,0,143,0,0,13,1,1,1,1,0,0,0,1,0,6,4,2,0,1,1,1,0,0,0,0,0,5,3,1,0,1,0,0,0,0,0,0,0,0,0,5,0,1,0,0,1,0,1,1,0,0,0,0,0,2,0,0,0,51,0,0,0
8eGoPXPUEg8,4336,78,0,2,9,52,8,0,0,1,3,8,0,0,44,5,8,70,0,2138,21,323,23,13,11,80,19,0,2,0,10,1,0,0,12,60,0,6,1,13,1,30,0,1,26,0,442,0,4,3,11,0,262,2,0,26,7,2,9,3,4,0,3,0,0,37,12,26,0,8,24,4,0,1,0,6,2,63,24,12,1,3,6,12,0,0,0,1,0,0,0,8,11,2,0,0,4,0,10,16,0,0,2,3,0,17,0,0,0,213,0,0,0
1WsSY1I17gw,110137,97,2,49,282,6181,263,28,73,69,31,153,0,0,806,97,200,847,66,50579,239,7122,556,85,969,688,724,0,58,0,154,3,0,0,434,287,0,120,41,160,88,1633,0,64,502,0,7431,0,253,45,485,18,7302,29,19,1320,80,94,250,92,27,0,21,75,61,568,574,646,0,301,403,251,0,18,4,284,156,1833,307,816,100,245,134,258,0,0,0,26,67,0,0,238,313,62,11,0,390,0,395,982,0,184,44,641,0,800,25,0,0,6531,0,0,31
s1y2wwngjpg,65,15,0,0,0,0,0,0,0,0,0,0,0,0,0,0,1,3,0,30,1,10,0,0,0,0,2,0,0,0,0,0,0,0,0,1,0,0,0,0,0,0,0,0,0,0,1,0,0,0,2,0,5,0,0,1,0,0,0,0,0,0,0,0,0,0,0,0,0,0,0,1,0,0,0,0,0,1,0,0,0,1,0,0,0,0,0,0,0,0,0,0,0,0,0,0,0,0,0,0,0,0,0,0,0,0,0,0,0,5,0,0,0
Tnd-MzvtmfY,803,39,0,0,2,1,0,0,0,0,0,0,0,0,1,1,0,4,0,255,0,6,2,1,0,11,5,0,0,0,0,0,0,0,2,15,0,1,0,0,0,7,0,0,1,0,120,0,0,0,1,0,292,0,0,2,0,0,1,1,0,0,0,0,0,16,2,5,0,1,2,2,0,0,0,0,1,0,1,2,0,0,0,1,0,0,0,0,0,0,0,0,1,0,0,0,3,0,0,0,0,0,0,0,0,1,0,0,0,29,0,0,0
8zUlnoHjJV4,1515,40,0,0,1,5,3,0,0,0,3,0,0,0,1,0,1,20,0,151,0,7,2,0,0,11,2,0,1,0,0,0,0,0,1,23,0,0,0,0,0,3,0,0,2,0,56,0,1,0,0,0,1096,0,0,4,1,0,0,0,0,0,1,1,0,31,0,0,0,3,1,0,0,0,0,4,0,3,0,0,0,1,0,0,0,0,0,0,0,0,0,2,1,0,0,0,2,0,2,8,0,1,0,0,0,3,0,0,0,49,0,0,0
Dj2nNhZVrOw,898,37,0,0,0,2,0,0,0,0,0,0,0,0,0,1,1,3,0,111,0,4,2,0,0,16,0,0,0,0,1,0,0,0,0,25,0,1,0,0,2,3,0,0,2,0,75,0,0,0,0,0,567,0,0,5,0,0,1,2,0,0,0,1,0,16,1,5,0,1,0,1,0,0,0,0,1,3,0,2,0,0,0,0,0,0,0,0,0,0,0,1,0,0,0,0,1,0,0,2,0,0,1,0,0,2,0,0,0,31,0,0,0
AZZh295Y_go,886,54,0,0,3,7,1,0,0,1,0,1,0,0,19,1,2,5,2,392,1,18,6,0,3,23,4,0,1,0,0,0,0,0,3,25,0,0,0,0,0,3,0,0,0,0,97,0,0,0,1,0,102,0,0,15,1,0,0,0,0,0,0,0,0,23,5,6,0,2,2,2,0,3,0,3,1,2,1,1,1,3,1,1,0,0,0,0,0,0,0,6,1,1,0,0,1,0,2,3,0,0,0,0,0,3,0,0,0,67,0,0,0
0QG5p1pXtaA,397,35,0,0,0,4,0,0,0,0,0,0,0,0,0,1,0,3,0,118,0,2,2,2,0,7,8,0,0,0,0,0,0,0,0,6,0,0,1,0,0,0,0,0,1,0,73,0,0,0,1,0,114,0,0,5,1,0,1,0,0,0,0,1,0,9,0,5,0,1,2,0,0,0,0,1,0,0,0,0,0,1,2,0,0,0,0,0,0,0,0,1,2,0,0,0,1,0,0,1,0,0,0,0,0,0,0,0,0,15,0,0,0
QlzWHuvD-9g,171,11,0,0,0,0,0,0,0,0,0,0,0,0,0,0,0,1,0,154,0,1,0,0,0,0,0,0,0,0,0,0,0,0,0,1,0,0,0,0,0,0,0,0,0,0,3,0,0,0,0,0,0,0,0,2,0,0,0,0,0,0,0,0,0,1,0,0,0,0,0,0,0,0,0,1,0,1,0,5,0,0,0,0,0,0,0,0,0,0,0,0,0,0,0,0,0,0,0,0,0,0,0,0,0,0,0,0,0,1,0,0,0
LZBI9wFGNDU,12165,95,0,1,16,257,31,1,6,10,2,11,0,0,28,12,28,138,1,7293,9,501,46,43,75,182,69,0,1,0,9,1,0,0,24,85,0,9,2,19,15,229,0,3,110,0,227,0,6,5,4,3,621,2,1,70,4,4,98,9,3,0,3,2,3,90,68,56,0,16,50,24,0,2,0,41,6,114,11,132,4,2,14,18,0,0,0,3,2,0,0,55,10,1,1,0,93,0,51,309,0,10,4,12,0,21,5,0,0,553,0,0,1
MbOXI-S-k14,423,38,0,0,1,6,0,0,0,0,1,1,0,0,1,0,3,0,0,139,1,13,1,0,0,8,0,0,0,0,0,0,0,0,0,14,0,0,0,7,0,11,0,0,0,0,17,0,2,0,0,0,111,0,0,5,1,0,0,0,0,0,0,0,0,15,1,0,0,0,1,1,0,0,0,0,0,3,1,1,3,0,0,1,0,0,0,0,0,0,0,6,10,0,0,0,3,0,0,0,0,2,0,0,0,0,2,0,0,25,0,0,0
89fCmIOkL9o,30492,95,0,15,38,227,110,58,100,5,30,55,0,0,238,13,34,500,5,11483,54,2166,62,23,40,746,231,0,38,0,132,4,0,0,92,536,0,16,13,56,27,171,0,7,127,0,1359,0,58,304,45,0,2450,3,76,392,65,12,70,6,1,0,63,9,112,630,92,34,0,41,94,35,0,23,0,57,13,639,30,2943,21,40,72,26,0,0,0,8,231,0,0,92,43,10,6,0,38,0,42,698,0,16,118,17,0,58,8,0,0,1459,0,0,8
FUvdnUUqU2w,367,20,0,0,0,0,0,0,0,0,0,0,0,0,0,0,0,0,0,26,0,0,0,0,0,10,0,0,0,0,0,1,0,0,0,7,0,0,0,0,1,0,0,0,1,0,20,0,0,0,1,0,270,0,0,3,0,0,0,0,0,0,0,0,0,3,0,0,0,1,0,0,0,0,0,1,0,1,0,0,0,0,0,0,0,0,0,0,0,0,0,1,0,0,0,0,0,0,2,0,0,0,0,0,0,0,0,0,0,13,0,0,0
VLpUsmBafMQ,22351,97,0,73,52,280,65,6,16,17,15,32,0,0,46,20,53,231,6,10024,34,865,172,25,43,728,276,0,12,0,40,2,0,0,161,494,0,26,22,53,18,188,0,10,262,0,1017,0,80,9,45,2,2132,11,3,309,42,7,33,15,3,0,2,6,16,561,67,165,0,51,136,62,0,1,3,145,4,279,26,151,3,8,98,35,0,0,0,1,12,0,0,178,62,15,1,0,138,0,31,335,0,29,20,32,0,200,18,0,0,1107,0,0,3
FKdtTbkkU1Y,180,25,0,0,0,1,0,0,0,0,0,0,0,0,1,0,0,6,0,94,1,0,0,0,0,2,1,0,0,0,0,0,0,0,0,3,0,0,0,0,1,0,0,1,0,0,5,0,0,0,3,0,34,0,0,5,0,0,0,0,0,0,0,0,0,1,1,0,0,0,0,0,0,0,0,0,0,1,0,1,0,0,0,1,0,0,0,0,0,0,0,1,1,0,0,0,4,0,1,0,0,0,0,0,0,0,0,0,0,7,0,0,0
q5tmSFR8uHk,851,36,0,1,3,0,2,0,0,0,0,1,0,0,4,1,0,8,0,240,1,1,2,0,0,21,3,0,0,0,0,0,0,0,1,24,0,0,0,1,0,2,0,0,2,0,69,0,1,0,3,0,396,0,0,8,3,0,1,0,0,0,0,1,0,8,0,0,0,1,2,1,0,0,0,0,0,3,1,0,0,0,0,0,0,0,0,0,0,0,0,1,0,0,0,0,0,0,0,0,0,0,0,0,0,0,0,0,0,32,0,0,0
vLV5z7RYdOs,706,46,0,0,2,1,0,0,0,0,0,0,0,0,2,0,1,3,0,297,0,7,6,0,0,38,3,0,0,0,0,0,0,0,1,23,0,1,0,1,0,3,0,0,3,0,51,0,1,0,0,1,172,0,0,2,1,0,0,1,0,0,0,1,0,6,1,0,0,1,1,4,0,0,1,2,1,7,0,5,0,1,0,1,0,0,0,0,0,0,0,6,0,1,0,0,3,0,1,2,0,0,0,2,0,1,0,0,0,35,0,0,0
pLc56tbJ6JI,174,23,0,0,0,0,0,0,0,0,0,0,0,0,1,0,1,1,0,106,0,4,0,0,0,6,1,0,0,0,0,0,0,0,0,4,0,0,0,0,0,5,0,0,2,0,9,0,0,0,2,0,11,0,0,2,0,0,0,0,0,0,0,0,0,1,0,0,0,0,0,0,0,0,0,1,0,3,0,1,1,0,0,0,0,0,0,0,1,0,0,2,0,0,0,0,0,0,0,0,0,0,0,1,0,0,0,0,0,8,0,0,0
rejl6KNXbgo,6992,84,0,2,3,70,5,1,2,2,4,9,0,0,20,7,3,40,0,2929,15,809,18,4,11,35,24,0,6,0,24,1,0,0,32,27,0,9,1,6,3,72,0,1,53,0,342,0,8,3,21,1,1296,1,2,65,4,3,15,21,0,0,0,0,3,37,17,11,0,14,22,9,0,0,0,9,3,172,12,108,0,18,0,19,0,0,0,4,6,0,0,20,10,2,0,0,6,0,24,41,0,3,7,6,0,29,5,0,0,271,0,0,0
cyzcC5XPuZI,2556,74,0,2,2,53,3,0,9,2,1,3,0,0,6,0,5,80,0,1326,9,105,6,12,3,23,10,0,1,0,9,0,0,0,7,13,0,7,4,3,1,14,0,0,12,0,271,0,4,2,11,0,218,4,0,26,4,2,9,2,1,0,3,1,2,18,1,7,0,1,9,10,0,0,0,5,8,19,1,15,0,1,2,5,0,0,0,0,0,0,0,2,1,1,0,0,2,0,0,15,0,2,1,4,0,1,0,0,0,118,0,0,0
4kOyH1L_3uQ,414,37,0,0,0,2,0,0,1,0,0,0,0,0,0,0,0,5,0,135,0,3,6,0,1,10,2,0,0,0,0,1,0,0,0,15,0,0,0,0,0,1,0,1,1,0,60,0,1,0,0,0,101,0,0,4,2,0,0,0,0,0,1,1,0,11,0,0,0,1,0,1,0,0,0,0,0,1,0,2,3,0,1,0,0,0,0,0,0,0,0,3,13,0,0,0,1,0,0,2,0,0,0,0,0,1,1,0,0,16,0,0,0
XZOqWmRYk1M,6427,84,0,1,13,145,16,0,2,8,6,7,0,0,27,14,11,33,0,2443,23,697,28,7,21,64,36,0,7,0,18,0,0,0,45,32,0,15,3,13,8,65,0,0,70,0,500,0,14,2,25,0,352,1,0,119,9,4,20,22,1,0,1,5,5,53,19,19,0,18,36,24,0,0,0,62,12,213,28,116,4,36,17,28,0,0,0,5,3,0,0,32,22,5,0,0,13,0,19,53,0,12,3,12,0,22,0,0,0,452,0,0,1
oaj531BuP0E,227,26,0,0,1,0,0,0,0,0,0,0,0,0,0,0,0,4,0,75,0,7,0,1,0,2,3,0,0,0,0,0,0,0,1,5,0,0,0,0,0,6,0,0,0,0,7,0,1,0,1,0,87,0,0,3,0,0,0,0,0,0,0,0,0,1,1,0,0,0,0,0,0,0,0,0,0,1,0,0,0,1,0,0,0,0,0,0,1,0,0,2,0,0,0,0,6,0,1,2,0,0,0,0,0,0,0,0,0,5,0,0,0
pGQzt0VEP14,6623,93,0,15,16,171,34,2,6,13,9,3,0,0,30,7,18,49,1,2641,9,210,48,3,16,88,72,0,5,0,4,2,0,0,66,66,0,9,5,32,14,65,0,2,54,0,413,0,53,3,36,8,522,5,3,99,20,8,17,4,0,0,1,3,3,96,11,63,0,20,41,21,0,1,1,48,7,89,15,79,1,9,20,21,0,0,0,3,6,0,0,39,21,4,2,0,35,0,11,270,0,7,2,11,0,37,9,0,0,554,0,0,1
nsWtjfJ4jGE,177,21,0,0,0,1,1,0,0,0,1,0,0,0,0,0,0,2,0,59,0,0,0,0,0,11,1,0,0,0,0,0,0,0,0,5,0,0,0,0,0,0,0,0,0,0,26,0,1,0,0,0,34,0,0,0,1,0,0,0,0,0,0,0,0,6,0,3,0,0,0,0,0,0,0,1,0,1,0,0,0,0,0,3,0,0,0,1,0,0,0,1,0,0,0,0,0,0,0,3,0,0,0,0,0,0,0,0,0,15,0,0,0
RmRiTTTPncw,22918,96,0,19,31,668,55,9,11,2,8,39,0,0,179,78,80,413,7,10549,45,1300,366,29,138,473,211,0,30,0,36,1,0,0,70,128,0,70,11,73,67,828,0,14,168,0,512,0,32,10,44,2,980,4,2,227,21,38,431,8,7,0,2,6,4,119,229,153,0,46,213,90,0,7,2,83,24,221,47,178,40,14,50,40,0,0,0,9,12,0,0,94,99,3,2,0,45,0,139,432,0,21,13,35,0,61,25,0,0,1470,0,0,7
PC8tFzvjOhI,841,52,0,0,0,0,1,0,0,2,0,1,0,0,3,0,2,22,0,421,2,28,1,1,0,13,1,0,0,0,0,0,0,0,2,6,0,1,0,0,1,28,0,0,3,0,62,0,2,0,3,0,133,0,0,7,1,1,1,0,0,0,0,0,0,7,7,3,0,0,2,2,0,0,0,0,0,10,1,3,1,2,1,2,0,0,0,0,0,0,0,1,5,0,0,0,6,0,2,3,0,0,0,0,0,1,1,0,0,20,0,0,0
RJHHlFJ2xEs,1960,61,0,2,2,10,3,0,0,0,3,4,0,0,9,1,1,7,0,979,3,29,3,0,3,36,20,0,1,0,0,0,0,0,1,34,0,3,2,1,0,37,0,0,14,0,123,0,0,2,0,0,361,0,1,19,6,0,1,0,0,0,0,0,1,13,19,10,0,1,3,5,0,0,0,1,0,17,0,11,0,3,0,11,0,0,0,0,1,0,0,11,4,0,0,0,3,0,2,8,0,0,1,1,0,1,0,0,0,58,0,0,0
0GNzufIeum8,303,36,0,0,0,2,2,1,0,0,0,0,0,0,4,0,0,7,1,131,0,11,0,0,0,8,2,0,0,0,0,0,0,0,1,2,0,0,0,0,0,10,0,0,0,0,13,0,0,0,2,0,56,0,0,2,0,0,1,0,0,0,0,0,0,6,2,1,0,1,1,1,0,0,0,0,0,4,0,6,0,0,0,1,0,0,0,0,0,0,0,1,1,0,1,0,3,0,0,1,0,0,1,0,0,1,0,0,0,10,0,0,0
-wUIoIM0BCQ,673,43,0,0,2,2,0,0,0,0,0,1,0,0,3,0,3,6,0,202,0,7,1,0,0,15,4,0,0,0,0,0,0,0,1,14,0,0,0,0,0,4,0,0,2,0,93,0,0,0,0,0,205,0,0,11,4,0,2,0,0,0,0,0,0,12,0,8,0,2,0,3,0,0,0,0,1,1,1,2,1,0,0,1,0,0,0,1,0,0,0,2,5,1,0,0,0,0,0,1,0,0,0,0,0,2,0,0,0,38,0,0,0
T3IkMH76XoA,33591,96,0,11,84,59,33,2,4,6,17,10,0,0,723,12,62,1112,3,12056,20,576,124,51,10,398,285,0,19,0,12,2,0,0,43,64,0,18,4,49,38,1927,0,19,158,0,1010,0,50,6,339,2,6048,16,3,498,53,21,125,10,20,0,1,3,2,94,782,770,0,23,135,75,0,8,0,67,2,96,75,108,123,185,53,53,0,0,0,14,3,0,0,79,601,2,1,0,371,0,650,34,0,1,4,2,0,191,16,0,0,1682,0,0,3
3Ms-CJoUUe4,4638,77,0,4,8,61,7,0,2,1,2,1,0,0,15,3,7,65,2,2857,3,141,29,20,22,50,36,0,2,0,2,0,0,0,14,15,0,12,1,9,6,128,0,2,52,0,99,0,6,2,5,0,176,0,0,35,0,0,46,19,1,0,0,1,0,16,30,22,0,2,26,12,0,0,0,9,6,31,5,25,4,0,7,7,0,0,0,2,3,0,0,9,9,3,0,0,9,0,23,56,0,5,1,6,0,29,3,0,0,284,0,0,0
EXTM7_RX2T4,462,36,0,0,1,0,1,0,0,0,0,0,0,0,0,0,0,5,0,156,0,2,0,1,0,7,3,0,1,0,0,0,0,0,2,6,0,1,0,0,0,5,0,0,1,0,11,0,0,0,1,0,196,0,0,6,1,0,0,1,0,0,0,0,0,5,2,0,0,0,3,1,0,0,0,1,0,3,0,7,0,0,1,0,0,0,0,0,0,0,0,1,1,0,0,0,13,0,0,0,0,0,0,0,0,1,0,0,0,12,0,0,0
NZHZ10ZyEk0,11253,87,0,8,7,33,12,0,1,4,1,12,0,0,61,9,28,83,0,7748,18,422,45,30,11,65,97,0,8,0,8,0,0,0,16,16,0,18,3,13,14,168,0,3,187,0,270,0,6,1,19,0,605,0,0,36,4,3,12,2,4,0,1,1,0,15,76,47,0,2,59,19,0,3,0,38,3,50,39,6,8,2,12,17,0,0,0,2,2,0,0,47,29,0,2,0,12,0,76,62,0,6,3,2,0,14,6,0,0,392,0,0,1
Ec0Z1v7jKDQ,11656,87,0,11,17,45,4,0,6,2,7,11,0,0,20,20,18,112,0,4000,15,518,22,25,7,120,118,0,1,0,9,1,0,0,13,97,0,12,6,4,4,36,0,1,72,0,429,0,9,2,23,1,4549,4,1,49,7,4,10,1,1,0,2,4,1,132,14,31,0,0,53,20,0,0,1,52,2,72,13,32,2,4,10,51,0,0,0,6,5,0,0,45,6,3,0,0,30,0,13,10,0,1,2,3,0,70,7,0,0,436,0,0,0
Am0P4a0qB3E,8012,89,0,1,17,60,18,5,13,3,5,21,0,0,25,34,14,53,2,3398,30,761,45,21,16,101,56,0,6,0,26,0,0,0,54,109,0,12,3,13,10,66,0,1,103,0,480,0,13,13,18,0,492,1,3,100,8,2,36,11,0,0,4,2,20,144,19,13,0,20,45,30,0,1,0,16,7,220,17,318,2,15,22,6,0,0,0,3,16,0,0,71,18,4,0,0,33,0,17,73,0,1,15,9,0,61,5,0,0,381,0,0,0
N3Ci9yGZ0Lo,283,34,0,0,1,1,1,0,3,0,0,1,0,0,1,0,1,2,0,107,0,2,0,0,0,10,3,0,0,0,0,0,0,0,1,6,0,1,0,0,0,1,0,0,4,0,24,0,1,0,1,0,72,0,0,0,1,0,0,0,0,0,0,0,0,9,0,0,0,1,1,0,0,0,0,0,0,0,0,3,0,0,1,1,0,0,0,0,0,0,0,0,0,0,0,0,1,0,0,2,0,0,0,0,0,0,0,0,0,16,0,0,0
XpEhjawv7Qk,6381,87,0,7,23,77,11,1,16,8,7,18,0,0,32,10,10,56,7,1814,12,381,50,8,16,179,57,0,2,0,19,1,0,0,22,218,0,9,3,6,6,35,0,2,40,0,540,0,25,6,37,0,728,1,1,132,17,3,120,9,0,0,3,3,4,255,11,56,0,15,41,21,0,0,0,20,0,165,17,206,0,30,22,18,0,0,0,4,10,0,0,30,44,2,0,0,15,0,8,21,0,5,8,11,0,20,0,0,0,389,0,0,2
r4oJJCFxi5Y,16799,92,0,24,13,82,59,5,21,2,4,17,0,0,57,36,34,182,6,11198,16,798,98,12,16,158,112,0,15,0,27,1,0,0,51,30,0,45,5,29,8,191,0,1,74,0,401,0,25,5,50,0,186,9,1,110,8,2,42,6,8,0,4,7,8,72,63,164,0,10,67,35,0,0,0,64,2,437,19,155,23,5,24,47,0,0,0,13,9,0,0,42,56,3,1,0,59,0,40,400,0,6,9,15,0,49,11,0,0,459,0,0,1
pgfmiRxbD9g,1252,61,0,0,0,6,0,0,0,0,1,0,0,0,5,1,1,24,0,612,4,57,1,2,0,25,9,0,0,0,1,0,0,0,3,15,0,1,0,3,1,8,0,0,3,0,197,0,1,1,2,0,91,0,0,10,3,1,3,1,1,0,0,0,0,23,8,0,0,4,6,2,0,1,0,4,1,14,1,4,4,1,3,1,0,0,0,0,2,0,0,2,2,0,0,0,1,0,7,2,0,0,0,0,0,3,1,0,0,52,0,0,0
WwjcQGui6bI,7892,89,0,0,32,108,4,2,3,7,1,4,0,0,8,10,6,36,4,2986,20,875,31,6,10,51,32,0,5,0,19,1,0,0,29,33,0,20,1,7,7,91,0,5,59,0,508,0,14,6,29,1,1516,1,1,89,6,6,18,20,0,0,1,2,4,40,26,15,0,19,24,13,0,0,1,11,3,144,18,133,4,21,12,17,0,0,0,3,3,0,0,57,21,6,0,0,6,0,19,55,0,2,3,12,0,23,0,0,0,347,0,0,1
0YFWS4QIp3s,459,25,0,1,0,0,0,0,1,0,0,0,0,0,0,0,0,0,0,187,2,4,0,0,0,1,2,0,0,0,0,0,0,0,0,1,0,0,0,0,0,1,0,0,2,0,7,0,0,0,0,0,191,0,0,4,0,0,17,0,0,0,0,0,0,2,0,2,0,0,0,2,0,0,0,2,0,0,3,0,0,0,0,0,0,0,0,0,0,0,0,2,0,0,0,0,7,0,1,0,0,0,0,0,0,3,0,0,0,13,0,0,0
Wb7dDxDNvtc,193,19,0,0,0,0,0,0,0,0,0,0,0,0,2,0,0,3,0,40,0,4,0,0,0,3,0,0,0,0,0,0,0,0,0,3,0,0,0,0,0,0,0,0,1,0,8,0,0,0,1,0,107,0,0,0,0,0,0,0,0,0,0,0,0,2,0,0,0,0,1,0,0,0,1,0,0,2,0,4,0,2,0,0,0,0,0,0,0,0,0,0,2,0,0,0,3,0,0,0,0,0,0,0,0,0,0,0,0,4,0,0,0
RepaW8VtnWk,274,29,0,0,0,3,1,0,0,1,0,0,0,0,3,1,1,5,0,92,0,1,2,0,2,8,3,0,0,0,0,0,0,0,0,6,0,0,0,0,0,0,0,0,0,0,31,0,1,0,0,0,65,0,0,3,0,0,0,0,0,0,0,0,0,11,0,0,0,2,0,0,0,0,0,1,0,0,0,3,0,0,1,0,0,0,0,0,0,0,0,0,3,0,0,0,0,0,1,1,0,0,0,0,0,0,0,0,0,19,0,0,0
ACMyNeYeSrc,220,20,0,0,1,0,0,0,0,0,0,0,0,0,2,0,0,7,0,47,0,3,1,0,0,0,0,0,0,0,0,0,0,0,0,5,0,0,0,0,0,6,0,0,3,0,10,0,0,0,0,0,106,0,0,0,0,0,0,0,0,0,0,0,0,4,2,0,0,0,0,1,0,0,0,0,0,2,0,1,0,0,0,0,0,0,0,0,0,0,0,1,0,0,0,0,1,0,3,0,0,0,0,0,0,0,0,0,0,14,0,0,0
oiIML2cnBYU,412,34,0,0,2,2,0,0,0,0,1,0,0,0,1,0,0,6,0,136,2,17,1,0,0,5,2,0,0,0,0,0,0,0,0,2,0,0,0,1,0,9,0,0,3,0,57,0,1,0,4,0,102,0,0,11,0,0,5,1,0,0,0,0,0,3,6,1,0,0,0,0,0,0,0,0,0,3,0,0,0,0,1,1,0,0,0,0,0,0,0,0,3,0,0,0,1,0,3,0,0,1,0,0,0,0,0,0,0,11,0,0,0
ceX3huxNqso,1506,56,0,0,2,4,2,0,0,0,0,1,0,0,8,1,1,10,0,818,7,96,3,1,1,32,5,0,0,0,2,0,0,0,1,18,0,0,0,1,1,17,0,0,4,0,138,0,0,0,5,0,167,0,0,13,3,1,3,3,0,0,0,0,0,15,5,4,0,3,1,1,0,1,0,5,1,13,1,1,0,0,1,0,0,0,0,0,0,0,0,4,1,1,0,0,6,0,6,2,0,0,0,0,0,1,1,0,0,59,0,0,0
32CtDfkoH2A,157,19,0,0,0,0,0,0,0,0,0,0,0,0,1,1,1,0,0,121,0,1,0,0,0,1,0,0,0,0,0,0,0,0,0,0,0,0,0,0,0,0,0,0,1,0,6,0,0,0,1,0,1,0,0,7,0,0,0,0,0,0,0,0,0,1,0,0,0,1,0,1,0,0,0,0,0,0,0,1,0,2,0,0,0,0,0,0,0,0,0,0,2,0,0,0,0,0,0,0,0,0,0,0,0,0,0,0,0,6,0,0,0
YU5Mu0S3hLU,522,45,0,0,2,4,0,0,0,0,3,0,0,0,0,0,0,5,0,144,0,9,3,0,1,19,5,0,0,0,1,0,0,0,1,11,0,0,1,0,0,5,0,0,4,0,124,0,0,0,0,0,86,0,0,7,0,0,3,2,0,0,1,1,0,11,1,2,0,0,2,0,0,0,0,0,0,4,1,2,1,1,3,1,0,0,0,0,0,0,0,4,5,0,0,0,3,0,0,2,0,0,0,0,0,1,0,0,0,25,0,0,0
1Vy82Zj4KIw,11982,92,0,10,21,100,19,4,24,2,3,19,0,0,45,23,33,139,0,7802,22,853,50,11,15,55,115,0,7,0,21,0,0,0,26,18,0,14,12,21,9,174,0,2,55,0,187,0,12,22,8,1,276,1,8,98,8,9,28,10,4,0,3,5,7,36,68,111,0,4,46,34,0,0,0,61,3,200,15,268,6,1,12,25,0,0,0,9,18,0,0,22,26,1,3,0,7,0,46,77,0,2,11,7,0,16,2,0,0,295,0,0,4
-SyNyQGxhEI,8772,85,0,4,9,18,7,0,5,2,0,4,0,0,27,6,14,79,1,4021,13,218,26,25,6,233,85,0,6,0,19,1,0,0,14,132,0,6,0,8,5,116,0,3,44,0,276,0,11,4,26,0,330,1,0,54,5,5,7,2,1,0,0,3,0,94,22,20,0,3,45,17,0,2,0,16,1,62,9,44,1,20,6,7,0,0,0,0,3,0,0,22,11,1,0,0,2157,0,12,17,0,3,2,1,0,27,2,0,0,213,0,0,2
fv1JI32xV_k,3372,80,0,12,11,48,21,3,2,7,3,5,0,0,4,6,8,44,5,1170,4,68,21,4,3,136,30,0,0,0,2,0,0,0,34,148,0,3,5,6,2,14,0,2,19,0,179,0,23,0,12,0,223,1,0,56,8,4,10,1,0,0,1,2,1,206,3,20,0,4,10,5,0,0,0,16,0,32,13,24,1,2,7,6,0,0,0,2,3,0,0,15,9,2,0,0,4,0,1,211,0,1,3,4,0,52,0,0,0,271,0,0,0
WYljZh_zIo4,1309,50,0,0,1,2,1,0,2,0,0,0,0,0,0,0,3,6,0,235,0,4,4,0,1,24,7,0,0,0,1,1,0,0,3,13,0,2,0,0,1,3,0,2,4,0,106,0,1,1,1,0,760,0,0,3,0,1,1,0,0,0,1,0,0,15,0,0,0,2,0,1,0,0,0,2,0,4,0,5,0,1,2,0,0,0,0,0,1,0,0,4,2,1,0,0,1,0,1,4,0,0,1,0,0,2,0,0,0,61,0,0,0
t4VDwOEEZEU,346,19,0,0,1,0,0,0,0,1,0,0,0,0,0,0,0,0,0,309,0,0,0,0,0,2,1,0,0,0,0,0,0,0,0,0,0,1,0,3,0,1,0,0,0,0,8,0,0,0,1,0,1,0,0,1,0,0,0,0,0,0,1,0,0,0,0,0,0,1,1,0,0,0,0,1,0,0,1,4,0,0,0,0,0,0,0,0,0,0,0,0,0,0,0,0,0,0,0,0,0,0,0,0,0,0,0,0,0,7,0,0,0
IhwMEPtEKeM,96,26,0,0,0,1,0,0,0,1,0,0,0,0,3,0,0,3,0,20,1,2,3,1,3,9,1,0,0,0,0,0,0,0,0,12,0,0,0,0,0,1,0,0,0,0,3,0,0,0,0,0,11,0,0,0,0,0,0,0,0,0,0,0,1,4,2,0,0,0,0,0,0,0,0,1,0,2,0,1,0,0,0,0,0,0,0,0,0,0,0,0,1,0,0,0,0,0,0,0,0,0,0,1,0,0,0,0,0,7,0,0,0
kfbd6tM9MhM,1157,65,0,0,4,81,0,0,0,0,0,3,0,0,9,1,3,13,1,514,2,73,6,0,6,29,8,0,4,0,4,0,0,0,12,22,0,1,0,3,2,21,0,0,11,0,49,0,3,0,4,0,28,0,0,11,1,0,3,3,1,0,1,2,1,18,3,5,0,9,4,3,0,0,0,4,2,8,3,1,0,0,7,3,0,0,0,0,0,0,0,3,7,1,0,0,5,0,2,0,0,2,1,4,0,2,0,0,0,105,0,0,0
vNFTtDh4mEg,2132,73,0,3,20,31,10,0,2,2,0,3,0,0,3,3,3,22,1,728,1,58,19,1,2,77,24,0,0,0,0,0,0,0,24,79,0,3,1,3,4,18,0,1,19,0,138,0,11,0,14,0,131,3,1,32,2,2,6,1,1,0,0,1,0,100,0,12,0,5,9,1,0,1,0,9,0,17,5,24,0,3,4,1,0,0,0,0,2,0,0,18,8,2,0,0,8,0,3,111,0,0,5,3,0,7,3,0,0,232,0,0,0
xEDBlL--B94,163,25,0,2,0,0,0,0,0,0,0,0,0,0,0,0,0,1,0,54,0,6,1,0,0,5,1,0,0,0,0,0,0,0,1,11,0,0,0,0,0,0,0,0,0,0,7,0,0,0,0,0,20,0,0,1,0,0,1,0,0,0,0,0,0,2,0,0,0,0,0,0,0,1,0,4,0,2,2,1,0,1,0,0,0,0,0,0,0,0,0,0,0,1,0,0,30,0,0,0,0,0,0,0,0,0,0,0,0,6,0,0,0
b2YAFV8CdOQ,141,36,0,0,0,3,0,0,0,0,0,0,0,0,5,0,1,1,0,45,0,6,2,0,1,3,1,0,0,0,0,1,0,0,1,12,0,0,0,0,0,4,0,0,2,0,3,0,0,0,0,0,16,0,0,1,0,1,1,1,0,0,0,0,0,2,6,0,0,2,0,1,0,0,0,1,0,1,0,3,0,0,0,0,0,0,0,0,0,0,0,1,1,0,0,0,1,0,1,1,0,1,0,0,0,0,0,0,0,7,0,0,1
qYXgudKV7fI,16386,91,0,3,39,18,14,0,0,4,122,12,0,0,284,16,47,123,0,5812,24,334,70,64,2,661,134,0,12,0,9,0,0,0,24,229,0,99,13,29,13,2038,0,57,63,0,436,0,39,6,62,0,765,2,1,110,11,18,20,3,4,0,1,6,1,211,853,144,0,28,133,82,0,8,1,28,1,84,21,31,29,86,15,389,0,0,0,4,4,0,0,102,101,4,0,0,279,0,98,18,0,6,3,2,0,37,7,0,0,1093,0,0,9
SDOKMLLJ2pg,1989,71,0,1,5,44,1,0,0,1,0,1,0,0,12,2,4,36,2,1160,1,86,8,8,4,28,12,0,3,0,1,0,0,0,12,12,0,1,0,1,1,17,0,1,12,0,138,0,2,0,4,0,78,0,0,16,3,2,5,2,1,0,0,0,0,5,4,4,0,1,9,2,0,2,0,4,3,19,3,6,0,2,5,6,0,0,0,0,0,0,0,6,8,1,0,0,6,0,14,2,0,1,0,3,0,7,0,0,0,116,0,0,0
Zd7pcTbti3c,418,26,0,0,0,0,0,0,0,0,0,0,0,0,1,0,1,5,0,69,0,5,0,0,0,1,2,0,0,0,0,0,0,0,0,2,0,1,0,0,0,6,0,0,2,0,9,0,0,0,1,0,280,0,0,4,3,0,0,0,0,0,0,0,0,0,0,0,0,1,1,1,0,0,0,0,0,0,0,1,0,0,1,0,0,0,0,0,0,0,0,1,0,0,0,0,4,0,0,2,0,0,0,0,0,0,0,0,0,13,0,0,0
_YajgtGF5s4,3591,83,0,4,9,42,23,1,1,1,3,8,0,0,6,8,9,23,2,1375,3,91,25,7,7,116,33,0,0,0,3,0,0,0,28,139,0,3,0,6,8,29,0,0,24,0,219,0,26,1,13,1,265,1,3,74,13,3,7,1,1,0,0,4,1,186,6,16,0,9,7,6,0,2,1,15,0,35,11,26,1,1,7,6,0,0,0,1,4,0,0,20,5,0,1,0,6,0,3,182,0,4,4,5,0,11,2,0,0,270,0,0,2
bY_TqcsMyHM,29559,95,0,30,40,130,59,12,31,5,23,45,0,0,107,89,51,226,1,16710,36,3380,79,32,27,157,275,0,22,0,59,1,0,0,64,55,0,131,16,35,30,633,0,9,178,0,555,0,22,27,30,0,755,2,8,154,12,34,54,8,12,0,23,9,16,66,45,935,0,15,105,44,0,1,1,49,3,532,28,557,9,16,86,101,0,0,0,165,45,0,0,54,73,3,3,0,23,0,61,500,0,12,44,10,0,21,7,0,0,1152,0,0,5
PLSQhFxBsas,9991,93,0,4,34,138,17,8,7,5,7,21,0,0,37,12,19,65,1,3686,31,1022,60,15,35,222,98,0,12,0,68,3,0,0,54,183,0,27,3,25,11,76,0,3,126,0,706,0,18,11,59,3,465,2,4,173,10,4,43,28,2,0,12,9,19,203,20,29,0,29,65,23,0,0,0,17,9,355,18,332,4,46,26,32,0,0,0,5,13,0,0,80,28,4,0,0,32,0,28,70,0,7,12,21,0,37,0,0,0,546,0,0,5
rRBpQxOq6LQ,277,25,0,0,0,0,0,0,0,0,0,0,0,0,0,0,0,4,0,117,0,5,5,0,0,9,3,0,0,0,0,0,0,0,0,4,0,0,0,0,0,0,0,0,1,0,25,0,0,0,0,0,49,0,0,3,0,0,2,0,0,0,1,0,0,8,0,0,0,1,2,0,0,0,0,1,0,6,0,3,0,1,0,0,0,0,0,0,0,0,0,3,0,0,0,0,1,0,0,0,0,0,0,0,0,1,0,0,0,21,0,0,0
Yl_rmlS4u9s,4467,84,0,17,14,66,12,4,3,3,3,1,0,0,7,9,11,50,3,1698,8,137,38,3,8,151,47,0,5,0,8,0,0,0,52,160,0,3,5,14,3,151,0,2,23,0,235,0,26,5,10,0,250,6,1,74,8,0,10,1,0,0,0,2,0,180,67,31,0,6,20,5,0,0,0,9,3,38,9,56,6,3,8,4,0,0,0,1,3,0,0,35,14,2,2,0,24,0,7,60,0,1,8,6,0,52,2,0,0,358,0,0,0
HIN03H2-u8M,2576,56,0,0,7,9,1,0,0,0,2,0,0,0,5,0,2,22,1,567,3,26,3,1,2,26,14,0,1,0,0,0,0,0,4,30,0,5,0,0,1,8,0,0,1,0,235,0,17,0,14,0,1356,0,0,22,4,0,1,0,0,0,0,1,0,34,1,4,0,1,1,1,0,0,0,5,0,7,1,5,0,5,0,5,0,0,0,0,0,0,0,7,2,0,0,0,2,0,1,2,0,1,1,0,0,11,0,0,0,65,0,0,0
DnXdZRCQi1U,414,34,0,0,1,2,0,0,0,1,1,0,0,0,0,0,1,6,0,46,1,2,0,2,0,7,1,0,0,0,0,0,0,0,0,9,0,0,0,0,0,1,0,0,1,0,39,0,1,0,1,0,239,0,0,3,1,0,1,0,0,0,0,0,0,15,0,2,0,1,0,0,0,0,0,0,0,1,1,2,0,0,0,0,0,0,0,0,0,0,0,2,0,0,0,0,1,0,0,0,0,0,0,0,0,0,0,0,0,19,0,0,0
XL7L20BwGy0,298,35,0,0,0,2,0,1,0,0,0,0,0,0,4,0,1,2,0,146,0,6,2,3,2,9,0,0,0,0,0,0,0,0,0,22,0,0,0,2,0,4,0,1,1,0,13,0,0,0,0,0,30,0,0,2,0,0,2,0,0,0,0,0,0,5,0,0,0,0,0,0,0,0,0,1,0,0,0,1,1,0,2,1,0,0,0,0,1,0,0,4,5,0,0,0,0,0,0,1,0,1,0,0,0,1,0,0,0,17,0,0,0
sm7MPK5FqV8,14502,93,0,3,149,473,23,4,15,13,6,85,0,0,42,32,17,115,3,5984,21,887,49,3,73,137,321,0,7,0,11,0,0,0,102,110,0,17,4,24,17,152,0,1,82,0,1379,0,40,4,112,4,1182,3,0,230,9,21,28,14,0,0,2,8,1,228,35,63,0,60,49,22,0,1,0,24,9,176,53,107,10,25,14,23,0,0,0,2,8,0,0,47,25,13,1,0,17,0,24,108,0,12,12,46,0,66,5,0,0,988,0,0,3
tQMCXkvvoHc,1432,64,0,2,1,1,1,1,0,0,1,2,0,0,9,2,1,6,0,494,1,51,4,4,0,62,4,0,0,0,2,0,0,0,4,14,0,1,0,2,1,17,0,1,21,0,384,0,4,0,14,0,115,0,0,14,0,1,1,0,1,0,0,1,0,14,1,4,0,4,7,1,0,1,0,6,0,13,1,5,3,7,1,0,0,0,0,0,0,0,0,7,8,0,0,0,13,0,2,5,0,0,1,1,0,5,1,0,0,69,0,0,0
Ne97jyXN6k8,840,42,0,1,3,0,0,0,0,0,1,1,0,0,3,1,1,3,0,258,1,14,1,2,0,5,2,0,0,0,0,0,0,0,1,4,0,2,0,1,0,4,0,0,4,0,34,0,0,0,1,0,401,0,0,10,0,1,1,1,0,0,0,0,0,4,2,0,0,0,2,0,0,0,0,0,0,4,0,8,0,0,0,0,0,0,0,0,0,0,0,2,0,0,0,0,24,0,2,2,0,0,0,0,0,2,0,0,0,23,0,0,0
LoSzVHfDIZE,4305,89,0,0,14,76,9,2,0,2,6,18,0,0,10,4,9,25,0,1352,16,574,18,4,5,36,21,0,2,0,27,0,0,0,45,12,0,11,4,17,5,21,0,1,57,0,488,0,17,3,42,0,310,1,1,91,7,6,15,4,0,0,1,2,3,26,3,12,0,18,31,10,0,2,1,6,3,172,13,59,3,35,11,6,0,0,0,3,5,0,0,9,4,6,1,0,2,0,1,16,0,2,2,11,0,23,0,0,0,343,0,0,0
ZSz9gdJgFmk,546,27,0,0,0,2,0,0,0,0,0,0,0,0,0,1,0,4,0,79,0,3,3,0,0,5,0,0,0,0,0,0,0,0,0,7,0,0,0,0,0,2,0,1,2,0,29,0,0,0,1,0,372,0,0,1,0,0,0,0,0,0,0,1,0,8,0,2,0,0,1,0,0,0,0,0,0,1,2,2,0,0,0,0,0,0,0,0,0,0,0,1,0,0,0,0,0,0,0,0,0,0,0,0,0,1,0,0,0,13,0,0,0
-yeGjZ__yjk,6565,79,0,1,7,10,13,2,0,5,3,3,0,0,21,6,25,56,0,3378,6,181,10,8,3,82,45,0,5,0,8,0,0,0,10,64,0,7,0,2,0,27,0,3,55,0,234,0,4,2,16,0,238,1,0,40,2,2,10,1,1,0,0,6,1,70,7,8,0,5,32,15,0,0,0,24,1,61,6,42,2,6,11,1,0,0,0,0,4,0,0,26,4,2,0,0,1381,0,11,9,0,0,4,2,0,13,0,0,0,198,0,0,2
i_44fjSgcTM,7417,89,0,18,14,304,27,4,2,10,9,3,0,0,20,2,31,53,1,3499,7,212,58,7,51,88,178,0,4,0,4,0,0,0,79,57,0,33,16,22,7,56,0,2,45,0,450,0,62,1,37,0,176,3,1,89,9,8,13,3,3,0,1,5,3,46,9,47,0,17,66,28,0,3,3,58,7,64,8,39,0,8,32,17,0,0,0,0,3,0,0,48,27,5,0,0,34,0,9,257,0,40,8,21,0,72,9,0,0,540,0,0,1
t2QISGWvj3Q,470,23,0,0,0,0,0,0,0,0,0,0,0,0,0,0,0,8,0,63,0,3,1,0,0,2,0,0,0,0,0,0,0,0,0,5,0,0,0,0,0,8,0,0,0,0,15,0,0,0,0,0,303,0,0,2,1,0,0,0,0,0,0,0,0,2,2,0,0,0,0,0,0,0,0,1,0,1,0,8,0,0,1,1,0,0,0,0,0,0,0,0,0,0,0,0,21,0,2,0,0,0,0,0,0,0,0,0,0,17,0,0,0
Da_-UdzxQ_Y,261,28,0,1,1,1,2,0,0,0,0,0,0,0,0,0,0,0,0,66,3,2,1,0,0,7,0,0,0,0,0,0,0,0,0,10,0,1,0,0,0,3,0,0,0,0,16,0,0,0,0,0,100,0,0,1,0,0,0,0,0,0,0,0,0,9,1,2,0,0,2,2,0,0,0,1,0,0,1,0,0,0,2,0,0,0,0,0,0,0,0,2,3,0,0,0,1,0,0,0,0,0,0,0,0,0,0,0,0,19,0,0,0
bDN0pvwLj2U,3562,79,0,0,14,23,1,0,0,1,0,7,0,0,33,2,6,27,2,1727,5,334,12,4,5,39,35,0,12,0,18,0,0,0,20,20,0,2,0,5,0,38,0,1,65,0,204,0,14,0,13,0,111,3,0,48,8,6,5,4,1,0,2,1,1,13,6,14,0,3,24,6,0,1,1,9,1,160,6,7,1,18,20,6,0,0,0,0,0,0,0,5,9,1,0,0,1,0,11,18,0,3,0,7,0,14,1,0,0,270,0,0,0
9LecHE4AMww,2994,67,0,1,2,12,3,1,2,0,0,1,0,0,13,2,4,30,0,1138,0,36,2,2,1,63,10,0,0,0,2,0,0,0,4,33,0,1,0,3,0,24,0,1,12,0,95,0,0,0,3,0,1183,0,0,17,3,1,5,0,0,0,0,1,1,47,12,3,0,2,6,7,0,0,0,6,1,9,2,11,0,0,2,2,0,0,0,0,2,0,0,15,2,3,0,0,6,0,17,7,0,0,1,1,0,4,1,0,0,100,0,0,0
D69vKyWjVGE,2161,55,0,1,2,3,0,0,0,1,2,0,0,0,1,4,1,12,0,625,0,31,1,2,3,22,15,0,0,0,2,0,0,0,4,31,0,9,2,0,0,8,0,0,6,0,95,0,0,1,3,0,1093,0,0,13,2,0,0,1,0,0,0,0,0,25,2,13,0,3,1,2,0,0,0,5,0,8,1,3,0,0,0,10,0,0,0,0,1,0,0,11,2,0,0,0,3,0,2,0,0,0,0,0,0,5,0,0,0,52,0,0,0
ccoQmKWMy1s,495,34,0,1,3,3,0,0,0,0,0,1,0,0,0,1,0,4,0,110,0,7,0,0,0,9,0,0,0,0,1,0,0,0,1,9,0,1,0,0,0,2,0,0,2,0,37,0,1,0,0,0,249,0,0,5,1,0,0,0,0,0,0,0,0,10,0,0,0,1,0,1,0,0,0,0,0,4,1,3,0,0,0,2,0,0,0,0,1,0,0,1,1,0,0,0,0,0,0,0,0,0,0,0,0,0,0,0,0,19,0,0,0
WxcScdGJjtY,612,52,0,0,2,17,0,0,2,3,0,0,0,0,4,0,2,11,1,188,1,17,6,2,1,40,3,0,0,0,0,0,0,0,2,38,0,0,0,1,1,15,0,0,1,0,21,0,0,1,1,0,52,0,0,7,1,0,1,0,0,0,0,0,0,39,10,1,0,3,2,0,0,0,0,2,0,7,4,7,0,0,0,0,0,0,0,0,0,0,0,6,4,0,0,0,0,0,2,3,0,1,0,3,0,2,1,0,0,62,0,0,0
wXQVTCDpcSs,724,49,0,0,1,8,0,0,0,0,2,1,0,0,4,0,0,48,0,267,2,24,5,17,0,27,2,0,0,0,0,1,0,0,4,26,0,0,0,0,1,1,0,0,5,0,72,0,0,0,1,0,44,0,0,13,6,0,2,2,0,0,1,0,0,30,0,0,0,1,2,0,0,0,0,2,0,3,2,2,0,0,0,2,0,0,0,0,0,0,0,3,5,3,0,0,1,0,1,1,0,1,0,1,0,1,1,0,0,71,0,0,0
b1IwHX6oU6c,788,45,0,0,4,4,0,0,0,0,2,2,0,0,3,0,3,13,0,341,0,11,1,2,2,23,10,0,1,0,0,0,0,0,6,16,0,0,0,0,0,0,0,0,4,0,33,0,0,0,4,0,193,0,0,9,1,0,2,0,0,0,1,0,0,14,0,4,0,2,3,3,0,0,0,5,0,1,3,5,1,2,0,2,0,0,0,0,1,0,0,3,0,0,0,0,0,0,0,0,0,0,0,0,0,2,0,0,0,35,0,0,0
ThmAjL8ruGI,3240,66,0,0,4,15,8,0,0,0,3,3,0,0,21,2,11,85,0,1629,2,53,10,11,2,24,23,0,1,0,0,0,0,0,3,4,0,12,0,3,2,180,0,1,10,0,60,0,1,0,18,0,444,0,0,19,2,3,2,2,0,0,0,0,1,1,50,79,0,2,16,10,0,0,0,8,0,8,6,5,3,18,6,71,0,0,0,1,0,0,0,6,44,0,0,0,12,0,21,6,0,0,0,0,0,17,1,0,0,134,0,0,0
71cKKiQUqxE,11460,86,0,2,18,218,18,0,1,6,5,15,0,0,99,8,20,239,5,7154,21,423,48,62,24,119,72,0,6,0,14,0,0,0,47,29,0,10,4,20,8,93,0,0,69,0,477,0,12,0,28,2,244,2,0,140,11,10,29,7,7,0,0,1,1,42,30,52,0,14,146,13,0,5,2,31,11,108,25,9,10,6,36,43,0,0,0,3,0,0,0,38,27,2,0,0,9,0,98,55,0,9,1,15,0,28,3,0,0,661,0,0,1
KLDzkwYPIx0,1377,49,0,1,0,3,2,0,0,0,1,0,0,0,7,0,5,2,0,543,2,17,9,2,0,23,13,0,0,0,2,0,0,0,0,21,0,1,0,0,1,21,0,0,12,0,58,0,1,0,2,0,498,0,0,8,0,0,2,0,0,0,0,0,0,13,4,1,0,1,4,0,0,0,0,1,0,11,1,0,2,0,1,2,0,0,0,0,0,0,0,4,3,0,0,0,11,0,3,1,0,0,0,0,0,2,0,0,0,41,0,0,0
xFHP09n3UDc,3294,64,0,1,5,2,2,0,0,0,0,2,0,0,23,2,3,72,0,1743,8,50,6,6,0,24,8,0,1,0,0,1,0,0,1,4,0,1,3,0,1,148,0,1,4,0,41,0,3,0,12,0,797,0,0,13,8,0,1,1,1,0,0,0,0,1,57,11,0,1,13,6,0,0,0,2,0,7,2,0,5,1,0,3,0,0,0,0,0,0,0,3,18,0,0,0,9,0,24,1,0,0,0,0,0,4,0,0,0,79,0,0,1
koTz6IjyaGU,2733,78,0,1,10,52,4,1,4,2,3,4,0,0,12,1,5,13,0,1086,5,229,19,3,13,49,29,0,2,0,10,0,0,0,12,59,0,7,1,8,3,33,0,0,26,0,198,0,9,1,7,1,179,1,0,46,2,2,10,23,0,0,0,0,1,76,2,8,0,8,6,6,0,0,0,6,3,63,9,39,0,11,0,6,0,0,0,1,1,0,0,32,7,6,0,0,2,0,7,22,0,4,0,8,0,7,0,0,0,154,0,0,0
Xkvpe5GXdWA,8455,91,0,10,28,195,24,2,22,3,11,13,0,0,51,12,21,63,1,2838,14,465,27,12,25,196,79,0,4,0,28,1,0,0,44,211,0,11,4,18,7,59,0,1,69,0,703,0,23,7,24,2,884,13,0,172,16,7,154,4,2,0,1,1,11,246,17,54,0,27,54,54,0,1,0,37,8,133,19,227,2,17,47,24,0,0,0,3,16,0,0,52,28,8,2,0,10,0,7,83,0,9,11,26,0,25,0,0,0,449,0,0,0
6F33l63O57E,97,19,0,0,0,0,0,0,0,0,0,0,0,0,0,0,0,0,0,30,0,1,0,0,0,1,0,0,0,0,0,0,0,0,0,1,0,0,0,0,0,2,0,0,2,0,8,0,0,0,2,0,31,0,0,1,0,0,0,1,0,0,0,0,1,0,2,0,0,0,0,1,0,0,0,0,0,0,0,2,0,0,0,0,0,0,0,0,0,0,0,0,1,0,0,0,1,0,0,0,0,0,0,0,0,0,0,0,0,8,0,0,0
VWLWY2mLL2I,602,39,0,0,2,1,0,0,0,0,1,0,0,0,3,0,0,4,0,157,0,8,0,0,0,9,7,0,0,0,0,0,0,0,1,14,0,1,0,0,1,1,0,0,1,0,15,0,2,0,0,0,308,0,0,4,0,0,1,0,0,0,0,0,0,16,0,1,0,1,1,0,0,0,0,0,0,1,1,2,0,0,0,1,0,0,0,1,1,0,0,1,1,0,0,0,3,0,0,0,0,0,0,0,0,2,0,0,0,18,0,0,0
35XABEDIR7k,5100,89,0,3,22,123,18,1,5,14,4,5,0,0,16,3,9,40,2,1968,23,246,37,6,23,158,73,0,6,0,13,2,0,0,46,140,0,1,2,12,5,55,0,1,50,0,313,0,29,3,27,1,272,0,0,94,15,5,18,5,0,0,1,2,2,155,5,10,0,10,25,7,0,2,2,15,4,98,5,56,1,5,4,8,0,0,0,1,3,0,0,21,5,8,3,0,10,0,4,113,0,5,3,12,0,19,0,0,0,470,0,0,0
5eq1mCNRt3s,16,1,0,0,0,0,0,0,0,0,0,0,0,0,0,0,0,0,0,0,0,0,0,0,0,0,0,0,0,0,0,0,0,0,0,0,0,0,0,0,0,0,0,0,0,0,0,0,0,0,0,0,0,0,0,0,0,0,0,0,0,0,0,0,0,0,0,0,0,0,0,0,0,0,0,0,0,0,0,0,0,0,0,0,0,0,0,0,0,0,0,0,0,0,0,0,0,0,0,0,0,0,0,0,0,0,0,0,0,16,0,0,0
5vt6SYF0OYQ,1656,57,0,1,2,2,1,0,4,1,7,0,0,0,1,2,3,14,2,424,0,14,2,0,0,23,12,0,0,0,2,0,0,0,4,19,0,3,0,2,0,10,0,1,2,0,53,0,2,0,6,0,874,0,0,10,3,0,1,0,0,0,0,0,0,21,1,2,0,0,9,2,0,0,0,4,0,6,1,6,0,0,1,4,0,0,0,0,1,0,0,5,3,0,0,0,0,0,1,0,0,0,1,0,0,2,0,0,0,52,0,0,0
noJxKw4Dszw,528,32,0,2,2,1,0,0,0,1,1,0,0,0,1,0,2,1,0,207,0,2,8,0,0,18,5,0,0,0,0,0,0,0,0,12,0,0,0,0,0,4,0,0,5,0,47,0,0,0,0,0,131,0,0,8,0,0,0,0,0,0,1,0,0,6,0,0,0,1,1,1,0,0,0,0,0,9,0,0,0,0,1,1,0,0,0,0,0,0,0,3,0,0,0,0,0,0,0,4,0,0,0,0,0,0,0,0,0,39,0,0,0
50LYcGiWDBY,1516,51,0,0,1,5,0,0,0,0,3,2,0,0,1,2,2,8,0,398,0,18,4,0,2,19,13,0,0,0,0,0,0,0,3,25,0,2,0,1,0,3,0,0,2,0,58,0,13,0,22,0,779,1,0,14,0,1,0,1,0,0,0,0,0,20,0,5,0,0,2,4,0,0,0,4,0,1,3,1,0,8,0,1,0,0,0,0,0,0,0,3,1,0,0,0,3,0,0,1,0,0,0,0,0,4,0,0,0,37,0,0,0
9xG6DGrsd5E,678,43,0,1,0,1,1,0,1,0,0,1,0,0,2,2,2,6,0,357,1,10,10,1,0,19,3,0,4,0,0,0,0,0,0,10,0,0,1,0,0,1,0,0,13,0,60,0,1,0,0,0,99,0,0,3,1,1,2,0,0,0,0,0,0,5,1,0,0,0,0,5,0,0,0,3,0,6,0,0,0,0,0,1,0,0,0,0,0,0,0,2,0,0,0,0,5,0,0,1,0,0,0,0,0,2,0,0,0,29,0,0,0
MHNthD09BOQ,4447,74,0,2,2,41,8,0,1,0,2,5,0,0,16,12,9,60,2,3137,4,144,14,23,6,40,32,0,2,0,2,0,0,0,8,11,0,12,1,3,2,29,0,0,22,0,101,0,6,0,5,0,156,2,0,16,1,0,11,4,0,0,0,2,1,9,16,18,0,6,16,8,0,1,0,10,1,21,10,1,4,1,5,25,0,0,0,0,0,0,0,10,13,0,0,0,2,0,26,1,0,2,0,8,0,11,1,0,0,242,0,0,0
OBu0C3kppdE,851,53,0,0,2,0,1,0,0,0,0,2,0,0,2,1,1,36,0,323,4,40,4,16,0,20,6,0,0,0,0,0,0,0,5,22,0,0,0,1,1,5,0,0,6,0,82,0,1,0,6,0,68,0,0,9,6,0,3,1,0,0,0,0,0,15,0,3,0,4,3,0,0,0,0,2,1,10,2,2,1,0,1,3,0,0,0,0,1,0,0,8,4,0,0,0,4,0,2,0,0,0,0,0,0,2,0,0,0,98,0,0,0
ZspUsxmxcyk,1200,51,0,0,2,4,1,0,0,0,0,1,0,0,7,0,4,12,0,493,1,10,4,0,0,20,5,0,0,0,0,0,0,0,5,31,0,0,0,1,0,11,0,2,4,0,75,0,1,0,0,0,356,0,0,7,1,0,7,1,0,0,0,1,0,19,8,5,0,4,1,1,0,0,0,2,0,4,1,0,2,0,1,1,0,0,0,0,0,0,0,7,7,0,0,0,2,0,2,0,0,0,1,0,0,3,0,0,0,57,0,0,0
Qfj0yvBMB9E,925,56,0,1,1,4,0,1,2,2,2,0,0,0,3,4,6,17,0,493,2,32,4,5,0,7,9,0,0,0,2,0,0,0,0,1,0,2,2,1,1,35,0,0,8,0,24,0,1,0,2,0,117,0,0,5,0,1,0,0,1,0,0,0,0,1,18,4,0,0,7,1,0,0,0,3,0,11,0,4,0,4,0,5,0,0,0,0,0,0,0,7,4,0,0,0,8,0,7,2,0,0,0,0,0,4,2,0,0,24,0,0,0
_8O9IE0t13Q,1792,48,0,0,0,1,1,0,1,1,0,1,0,0,2,3,2,9,0,283,0,12,1,0,0,20,3,0,0,0,0,0,0,0,0,24,0,0,0,1,1,4,0,0,4,0,66,0,1,0,0,0,1220,0,0,3,0,1,1,1,0,0,0,0,0,25,2,3,0,2,2,0,0,0,0,3,0,5,1,2,0,0,2,1,0,0,0,0,1,0,0,1,2,1,0,0,0,0,0,1,0,0,0,0,0,1,0,0,0,65,0,0,0
Rn6GOQu-d5Q,3273,76,0,0,1,5,1,0,0,1,1,7,0,0,34,9,8,34,0,1427,5,107,7,25,1,64,46,0,2,0,1,0,0,0,2,39,0,1,2,2,2,111,0,4,30,0,89,0,5,1,15,0,669,1,0,12,3,1,5,8,0,0,0,1,0,24,26,13,0,8,19,6,0,3,0,10,0,29,11,9,2,11,7,5,0,0,0,0,1,0,0,8,14,0,0,0,98,0,13,6,0,0,0,0,0,11,1,0,0,110,0,0,1
CN4fffh7gmk,6813,91,0,6,11,159,10,2,5,8,2,6,0,0,16,10,13,107,3,3378,9,311,23,12,22,53,66,0,2,0,8,2,0,0,25,32,0,2,2,4,6,97,0,2,39,0,610,0,16,4,25,2,712,4,0,42,5,2,16,5,3,0,1,5,1,53,12,33,0,17,28,15,0,0,1,10,5,81,7,91,8,6,8,15,0,0,0,2,6,0,0,14,14,0,0,0,15,0,23,38,0,4,7,8,0,47,1,0,0,297,0,0,1
EjzUnomU4cs,1029,45,0,0,0,4,0,1,0,0,0,0,0,0,8,1,0,4,0,264,1,9,2,1,2,10,4,0,1,0,1,0,0,0,1,10,0,0,0,1,0,11,0,2,2,0,243,0,1,0,0,0,354,0,0,2,0,0,5,2,2,0,0,0,0,9,2,4,0,0,1,1,0,0,0,2,0,5,0,0,3,0,0,2,0,0,0,1,0,0,0,4,0,0,0,0,1,0,1,0,0,0,0,1,0,7,0,0,0,35,0,0,0
2mBoaLqpTYI,1147,55,0,0,2,3,0,0,1,1,1,4,0,0,0,0,4,3,0,307,1,35,1,1,0,34,3,0,0,0,2,0,0,0,4,15,0,1,2,0,1,7,0,0,5,0,418,0,0,0,1,0,109,1,0,13,0,0,1,3,0,0,1,0,0,23,4,2,0,4,2,1,0,1,0,0,0,14,0,6,0,1,2,1,0,0,0,0,0,0,0,4,3,0,0,0,1,0,5,4,0,0,0,0,0,3,1,0,0,67,0,0,0
Sq5cTPiyv8A,6367,69,0,8,5,33,6,0,0,0,0,7,0,0,24,2,10,22,3,3306,6,187,10,4,3,32,24,0,4,0,3,0,0,0,7,9,0,1,2,9,6,94,0,0,30,0,186,0,2,0,5,0,1906,0,0,34,4,3,5,2,0,0,0,4,0,9,35,14,0,2,26,10,0,0,0,5,0,17,13,2,4,0,3,2,0,0,0,1,0,0,0,10,13,2,0,0,8,0,23,1,0,1,0,1,0,11,2,0,0,114,0,0,1
etHrHfTsyIw,610,39,0,0,0,0,1,0,0,1,4,2,0,0,4,0,0,9,0,224,0,10,1,0,0,14,6,0,0,0,0,0,0,0,0,14,0,2,0,0,0,1,0,2,1,0,36,0,2,0,2,0,184,0,0,4,0,0,0,0,0,0,0,0,0,13,1,10,0,0,1,0,0,0,0,3,0,1,12,0,1,1,1,5,0,0,0,1,0,0,0,3,0,0,0,0,3,0,0,0,0,0,0,0,0,2,2,0,0,24,0,0,0
YBIS5NTtkNs,439,41,0,0,2,0,1,0,0,1,0,1,0,0,2,0,5,1,0,194,0,7,6,2,0,11,1,0,0,0,0,0,0,0,0,15,0,1,0,0,0,13,0,1,6,0,33,0,0,0,0,0,45,0,0,3,1,0,1,1,0,0,0,0,0,5,5,0,0,1,3,1,0,0,0,5,2,8,0,5,0,0,2,2,0,0,0,0,0,0,0,3,0,2,0,0,0,0,7,0,0,0,0,0,0,2,0,0,0,26,0,0,0
o1aV-bWzVx8,4103,74,0,1,5,34,3,0,2,2,1,1,0,0,10,2,19,52,1,2742,6,102,7,9,2,40,16,0,0,0,1,0,0,0,13,12,0,6,0,5,8,34,0,0,27,0,194,0,8,0,13,0,228,1,0,26,7,2,5,1,3,0,0,0,0,11,18,15,0,7,17,4,0,0,0,10,2,11,3,2,5,2,5,21,0,0,0,2,0,0,0,9,9,0,0,0,1,0,39,6,0,5,0,11,0,5,2,0,0,207,0,0,0
LTllHup_HSw,1880,56,0,2,1,5,2,0,0,2,1,1,0,0,6,0,4,11,0,351,1,22,4,4,1,31,5,0,0,0,0,1,0,0,2,41,0,1,0,0,1,11,0,0,5,0,191,0,3,0,1,0,956,0,0,15,1,0,0,0,0,0,1,0,3,43,3,3,0,4,0,0,0,0,0,0,0,7,2,11,0,1,0,1,0,0,0,0,1,0,0,5,0,0,0,0,4,0,1,10,0,1,0,1,0,1,0,0,0,88,0,0,0
WRRNcjkYTWM,395,39,0,0,1,3,0,0,0,0,0,0,0,0,2,0,1,15,0,103,1,7,2,4,2,8,4,0,0,0,0,0,0,0,3,19,0,0,0,2,0,2,0,0,0,0,63,0,0,0,0,0,44,0,0,2,2,0,3,4,0,0,0,0,0,15,2,0,0,3,1,0,0,0,0,1,0,2,0,1,0,1,0,0,0,0,0,0,0,0,0,2,0,0,0,0,0,0,0,1,0,1,0,0,0,2,0,0,0,61,0,0,0
hSkJIVVp1cQ,1474,48,0,0,0,4,0,0,0,0,1,1,0,0,2,1,2,11,0,251,1,16,1,0,0,18,6,0,0,0,0,0,0,0,8,18,0,0,1,0,0,5,0,0,2,0,60,0,10,0,28,0,875,0,0,15,0,0,0,0,0,0,0,0,0,32,1,4,0,2,2,1,0,0,0,3,0,4,0,2,0,5,1,0,0,0,0,2,0,0,0,3,0,0,0,0,1,0,1,1,0,0,0,1,0,6,0,0,0,54,0,0,0
zLnzC2ZuYKE,1600,52,0,0,2,4,2,0,0,0,20,0,0,0,2,1,1,6,0,275,1,14,2,0,0,32,8,0,0,0,0,0,0,0,3,26,0,10,0,0,0,6,0,0,2,0,88,0,4,0,8,0,896,0,0,6,1,0,1,0,1,0,0,0,0,30,1,21,0,0,1,3,0,0,0,1,0,5,2,1,1,2,2,16,0,0,0,0,0,0,0,4,4,0,0,0,4,0,0,0,0,0,0,0,0,2,1,0,0,65,0,0,0
fyk6vjwI3wc,1661,56,0,0,0,0,2,1,1,1,0,0,0,0,1,0,1,21,1,683,0,49,2,0,0,15,10,0,3,0,2,0,0,0,4,15,0,0,0,2,0,5,0,1,7,0,304,0,0,2,2,0,281,0,0,8,1,0,1,0,0,0,2,0,1,8,0,9,0,2,6,2,0,0,0,2,0,17,2,28,1,1,1,1,0,0,0,3,0,0,0,10,2,0,0,0,3,0,0,2,0,0,2,0,0,26,0,0,0,99,0,0,0
2r5GK9Oer60,331,15,0,0,0,0,0,0,0,0,0,0,0,0,0,0,0,1,0,26,1,0,0,0,0,8,0,0,1,0,0,0,0,0,1,15,0,0,0,1,1,0,0,0,0,0,17,0,0,0,0,0,241,0,0,1,0,0,0,0,0,0,0,2,0,8,0,0,0,0,0,0,0,0,0,0,0,0,0,0,0,0,0,0,0,0,0,0,0,0,0,0,0,0,0,0,0,0,0,0,0,0,0,0,0,0,0,0,0,7,0,0,0
XPQ_x-7xxbY,396,30,0,0,0,6,0,0,0,0,0,1,0,0,1,0,1,1,0,150,0,8,0,0,0,16,5,0,0,0,0,0,0,0,1,16,0,0,1,0,1,0,0,0,2,0,22,0,0,0,1,0,110,0,0,7,1,0,0,0,0,0,0,0,0,8,0,0,0,0,2,0,0,0,0,0,0,1,0,0,0,0,0,0,0,0,0,1,0,0,0,2,1,0,0,0,0,0,0,0,0,0,0,1,0,0,0,0,0,24,0,0,0
lvcNztFK2iE,3000,72,0,0,0,79,2,1,0,2,0,7,0,0,24,2,7,33,0,1597,11,223,8,5,4,12,18,0,5,0,8,0,0,0,10,6,0,2,0,5,0,12,0,0,18,0,287,0,1,1,7,0,155,0,0,24,7,0,9,4,1,0,0,2,0,11,9,18,0,4,11,2,0,1,1,10,4,61,6,13,0,3,2,14,0,0,0,0,2,0,0,8,3,2,1,0,4,0,10,9,0,5,0,2,0,12,0,0,0,149,0,0,0
pNq0Obxkq-s,370,35,0,0,1,6,2,0,0,0,0,0,0,0,2,0,1,3,0,105,0,3,0,0,0,10,6,0,0,0,0,0,0,0,5,8,0,0,0,1,0,2,0,1,2,0,69,0,0,0,1,0,102,0,0,4,1,0,0,0,0,0,1,0,0,8,1,1,0,2,1,1,0,0,0,0,0,0,0,3,0,0,0,0,0,0,0,0,0,0,0,0,1,0,0,0,0,0,0,1,0,0,0,0,0,1,0,0,0,11,0,0,0
6ztiULeEphI,687,31,0,0,0,1,1,0,0,0,1,0,0,0,1,0,0,11,0,161,0,2,1,0,0,13,0,0,0,0,0,0,0,0,0,17,0,0,0,0,1,1,0,0,1,0,54,0,1,0,1,0,354,0,0,3,0,0,0,0,0,0,0,1,0,11,0,3,0,1,1,2,0,0,0,0,0,0,0,2,0,0,0,2,0,0,0,0,0,0,0,0,0,0,0,0,0,0,1,0,0,0,0,0,0,0,0,0,0,33,0,0,0
PEdWpkeB87s,305,42,0,0,0,6,1,0,0,0,0,4,0,0,5,0,3,2,0,131,0,9,1,1,1,6,2,0,2,0,0,0,0,0,1,24,0,0,0,3,0,10,0,0,1,0,11,0,0,0,0,0,22,0,0,1,0,0,1,0,0,0,0,1,0,8,0,0,0,2,0,1,0,0,0,2,0,1,1,1,0,1,1,0,0,0,0,0,0,0,0,1,2,0,0,0,1,0,0,3,0,0,0,2,0,3,1,0,0,20,0,0,0
rWiTs456fYs,191,26,0,0,1,2,0,0,0,0,0,0,0,0,0,1,0,0,0,108,0,3,1,0,0,7,1,0,0,0,0,0,0,0,0,4,0,0,0,0,0,3,0,0,0,0,7,0,0,1,1,0,23,0,0,0,0,0,0,0,0,0,0,0,0,4,0,0,0,0,2,1,0,0,0,2,0,1,0,1,0,0,0,0,0,0,0,0,0,0,0,0,2,0,0,0,1,0,0,3,0,0,1,0,0,1,0,0,0,9,0,0,0
Ffz8WsfQNu4,5349,73,0,1,5,24,3,0,0,2,1,4,0,0,33,8,8,35,3,2774,7,88,14,5,5,62,13,0,8,0,1,0,0,0,4,50,0,3,1,7,2,103,0,4,17,0,152,0,0,0,4,0,1413,0,0,22,6,3,4,0,0,0,0,1,0,19,48,10,0,2,13,8,0,0,0,16,0,20,9,4,2,3,3,3,0,0,0,1,0,0,0,15,13,1,0,0,12,0,31,5,0,0,1,1,0,22,1,0,0,136,0,0,1
jZ_qqqUw16s,163,18,0,0,0,0,0,0,0,0,0,0,0,0,0,0,0,0,0,27,0,0,0,1,0,0,3,0,0,0,0,0,0,0,0,2,0,1,0,0,0,1,0,0,0,0,4,0,0,0,0,0,106,0,0,1,0,0,1,0,0,0,0,0,0,0,0,0,0,0,2,0,0,0,0,0,0,0,0,5,0,1,0,1,0,0,0,0,0,0,0,1,0,0,0,0,1,0,0,0,0,0,0,0,0,1,0,0,0,4,0,0,0
YH6Ofy89sDE,1308,52,0,1,0,0,1,1,0,0,1,1,0,0,8,3,4,15,0,582,0,16,13,1,0,67,15,0,1,0,2,0,0,0,1,21,0,2,2,0,0,9,0,0,7,0,125,0,1,0,0,0,272,0,0,9,0,0,0,0,1,0,0,0,0,13,4,2,0,1,3,8,0,0,0,4,0,5,3,3,1,1,3,3,0,0,0,0,0,0,0,7,0,0,0,0,4,0,2,2,0,0,0,0,0,3,0,0,0,49,0,0,0
0C0BJEUKTm4,978,57,0,0,0,11,0,0,0,0,1,1,0,0,4,0,1,42,1,341,1,36,6,33,2,31,6,0,1,0,1,0,0,0,1,19,0,1,0,0,0,1,0,1,4,0,143,0,0,0,22,0,53,0,0,8,9,0,2,7,0,0,0,0,0,18,2,0,0,1,3,2,0,0,1,1,0,18,4,5,0,3,2,2,0,0,0,0,0,0,0,2,1,0,0,0,1,0,2,4,0,1,0,0,0,2,0,0,0,102,0,0,1
n-3jzVgFJac,33464,97,2,84,145,379,100,15,13,34,20,31,0,0,61,23,242,343,24,14609,41,1032,153,36,74,470,1683,0,46,0,45,7,0,0,173,422,0,63,116,841,23,286,0,12,315,0,1937,0,128,5,138,8,930,48,4,395,66,16,73,23,13,0,6,19,6,666,85,159,0,177,272,66,0,6,7,133,21,392,83,131,11,13,159,57,0,0,0,18,9,0,0,153,119,24,3,0,140,0,55,682,0,177,27,38,0,500,20,0,0,2517,0,0,6
1pRteCYqjCE,116,23,0,0,0,1,0,0,0,0,1,0,0,0,0,0,0,4,0,47,0,3,0,0,0,0,1,0,0,0,1,0,0,0,0,1,0,0,0,0,0,8,0,0,0,0,2,0,0,0,0,0,32,0,0,1,1,0,0,0,0,0,0,0,0,1,0,0,0,1,1,0,0,0,0,0,0,1,0,0,1,0,0,1,0,0,0,0,0,0,0,0,1,0,0,0,0,0,0,0,0,0,0,0,0,1,0,0,0,4,0,0,0
Emd3lis0q-Q,1160,46,0,0,0,0,2,0,0,0,1,1,0,0,0,2,2,3,0,293,3,19,4,1,0,40,5,0,0,0,0,0,0,0,2,15,0,2,0,0,2,4,0,2,4,0,532,0,3,0,1,0,118,0,0,8,0,0,0,2,0,0,0,0,0,8,1,1,0,1,1,0,0,0,0,0,0,2,0,7,0,3,0,1,0,0,0,0,0,0,0,3,4,0,0,0,13,0,1,0,0,0,0,0,0,0,0,0,0,30,0,0,0
baLouMhCMIc,3639,83,0,5,25,37,15,1,5,1,3,8,0,0,2,1,9,51,1,1199,10,111,28,3,5,150,59,0,3,0,4,0,0,0,29,206,0,4,1,11,3,12,0,2,20,0,290,0,27,0,13,1,143,2,1,71,14,1,13,3,2,0,0,1,0,330,1,17,0,8,25,10,0,0,0,10,1,42,9,34,0,2,3,4,0,0,0,0,2,0,0,33,10,1,1,0,5,0,2,84,0,4,4,8,0,51,1,0,0,260,0,0,0
W_jWnzWdRrg,1008,49,0,1,1,1,0,0,0,0,0,0,0,0,1,0,2,6,0,355,0,14,3,0,1,26,3,0,0,0,0,0,0,0,1,20,0,0,0,0,1,18,0,1,6,0,131,0,1,0,1,0,280,0,0,4,0,0,2,2,0,0,0,0,0,10,5,5,0,1,4,2,0,0,0,2,0,3,1,0,1,2,1,2,0,0,0,0,0,0,0,4,2,1,0,0,8,0,3,1,0,0,0,0,0,7,0,0,0,52,0,0,0
PIK-4fCV0p4,873,45,0,0,9,3,1,0,0,1,0,0,0,0,0,0,1,5,0,239,0,10,2,0,0,23,1,0,0,0,0,1,0,0,5,15,0,0,0,2,2,2,0,0,7,0,116,0,0,0,6,0,264,0,0,6,2,0,2,0,0,0,1,0,0,17,2,4,0,0,3,0,0,0,0,1,0,6,2,2,0,2,1,0,0,0,0,0,0,0,0,3,1,0,0,0,4,0,2,4,0,0,0,0,0,0,0,0,0,78,0,0,0
5bD6mZ7swxU,136,26,0,0,1,1,0,0,0,0,0,0,0,0,0,1,1,2,0,52,0,6,1,0,0,3,1,0,0,0,0,0,0,0,0,3,0,1,0,0,0,9,0,0,1,0,5,0,0,0,1,0,30,0,0,1,0,0,0,0,0,0,0,0,0,3,0,0,0,0,0,0,0,0,0,0,0,1,0,1,0,2,0,0,0,0,0,0,0,0,0,0,0,0,0,0,1,0,0,0,0,0,0,0,0,0,0,0,0,5,0,0,0
TO_uf_14eOk,3,1,0,0,0,0,0,0,0,0,0,0,0,0,0,0,0,0,0,0,0,0,0,0,0,0,0,0,0,0,0,0,0,0,0,0,0,0,0,0,0,0,0,0,0,0,0,0,0,0,0,0,0,0,0,0,0,0,0,0,0,0,0,0,0,0,0,0,0,0,0,0,0,0,0,0,0,0,0,0,0,0,0,0,0,0,0,0,0,0,0,0,0,0,0,0,0,0,0,0,0,0,0,0,0,0,0,0,0,3,0,0,0
UN4t5bjEQvA,1037,47,0,0,2,1,0,0,0,0,0,0,0,0,2,0,1,10,0,340,2,8,3,0,1,10,11,0,0,0,0,1,0,0,1,15,0,0,1,0,0,10,0,0,4,0,51,0,3,0,3,0,429,0,0,7,2,0,1,0,0,0,0,0,0,15,3,5,0,0,4,5,0,0,0,8,0,6,2,1,1,2,0,1,0,0,0,0,0,0,0,1,3,0,0,0,2,0,1,1,0,0,0,0,0,8,0,0,0,42,0,0,0
CScG1UxY9DI,187,18,0,1,0,0,0,0,0,0,0,0,0,0,0,0,0,0,0,75,0,2,0,0,0,1,0,0,0,0,1,0,0,0,0,0,0,0,0,0,1,1,0,0,1,0,2,0,0,0,0,0,72,0,0,0,0,0,8,0,0,0,0,0,0,2,0,0,0,0,0,0,0,0,0,0,0,4,2,0,0,0,0,0,0,0,0,0,0,0,0,0,0,0,0,0,1,0,0,1,0,0,0,0,0,3,0,0,0,9,0,0,0
LkwXCbSSeP0,476,45,0,0,0,5,0,0,0,0,0,1,0,0,1,1,1,4,0,135,2,5,3,1,3,10,1,0,0,0,0,0,0,0,1,8,0,1,0,0,0,4,0,0,3,0,26,0,0,0,3,0,180,0,0,6,0,1,1,0,0,0,0,0,0,10,1,2,0,0,2,2,0,1,0,1,0,3,1,0,1,1,0,0,0,0,0,0,0,0,0,2,1,1,1,0,4,0,0,0,0,0,1,0,0,1,0,0,0,30,0,0,0
s7eAn0gvq8k,255,30,0,0,0,0,0,0,0,0,0,0,0,0,0,0,1,5,0,115,0,4,0,1,0,4,2,0,1,0,0,0,0,0,1,5,0,0,0,0,1,1,0,0,3,0,30,0,2,0,0,0,29,0,0,2,5,0,1,0,0,0,0,0,0,11,0,5,0,0,0,0,0,0,0,1,0,1,0,0,2,0,0,0,0,0,0,1,0,0,0,1,0,0,0,0,0,0,0,0,0,0,1,1,0,0,0,0,0,17,0,0,0
PJEWFKFR5Gs,69,25,0,0,0,2,0,0,0,0,0,0,0,0,0,0,0,0,0,19,0,1,1,1,0,4,0,0,0,0,1,0,0,0,1,7,0,0,0,0,0,1,0,0,1,0,1,0,0,0,0,0,6,0,0,1,0,0,0,0,0,0,0,0,0,7,0,0,0,0,0,0,0,0,0,0,0,0,0,0,0,0,2,0,0,0,0,1,0,0,0,0,1,0,0,0,2,0,0,1,0,0,0,0,0,1,1,0,0,4,0,0,0
j4Bk7F4_KVo,19511,93,0,3,11,60,14,3,3,3,22,12,0,0,132,29,47,568,2,10971,12,414,47,35,4,179,139,0,17,0,10,2,0,0,16,19,0,33,11,60,21,709,0,7,103,0,261,0,17,2,101,1,2593,5,0,202,16,9,20,11,1,0,1,1,0,18,294,96,0,5,116,58,0,2,0,88,2,101,16,37,72,98,21,134,0,0,0,2,2,0,0,41,117,2,1,0,113,0,80,57,0,2,1,1,0,34,19,0,0,708,0,0,6
SJGtP0eiT-Q,4234,86,0,7,7,46,22,9,13,3,1,3,0,0,18,3,9,37,3,1740,7,99,16,2,8,159,43,0,10,0,4,3,0,0,9,215,0,4,2,3,3,20,0,6,23,0,350,0,5,14,4,0,211,0,6,56,8,1,5,6,3,0,4,1,17,158,4,5,0,14,16,17,0,1,0,17,2,52,3,195,0,2,9,6,0,0,0,0,23,0,0,33,3,2,0,0,2,0,3,72,0,2,12,7,0,6,0,0,0,284,0,0,0
mIhYpY2DmrQ,324,35,0,0,0,11,0,0,0,0,0,2,0,0,3,0,0,6,0,147,0,9,0,0,3,13,5,0,0,0,0,0,0,0,0,21,0,1,0,2,0,4,0,0,3,0,17,0,0,0,0,1,19,0,0,6,1,0,0,0,0,0,0,0,0,6,1,0,0,0,3,1,0,0,0,1,0,1,1,2,1,0,0,0,0,0,0,0,0,0,0,3,2,0,0,0,2,0,0,2,0,0,0,0,0,2,0,0,0,21,0,0,0
w0FkoVriWCg,4649,73,0,5,11,15,4,0,0,1,1,4,0,0,32,3,5,28,1,2926,12,79,12,4,4,37,34,0,5,0,4,0,0,0,14,15,0,3,2,9,4,39,0,1,20,0,126,0,6,0,11,0,766,0,0,36,3,1,5,0,1,0,0,4,0,19,16,13,0,1,20,12,0,1,0,14,0,43,6,3,2,0,6,9,0,0,0,0,0,0,0,8,9,2,0,0,5,0,19,0,0,2,0,1,0,11,0,0,0,105,0,0,0
nF1zZIETE5k,12166,89,0,2,30,341,12,7,6,5,0,12,0,0,31,4,17,113,3,4269,16,488,36,12,39,56,52,0,2,0,11,0,0,0,38,44,0,9,0,16,10,192,0,0,79,0,668,0,32,4,41,2,3828,3,2,90,5,4,33,6,4,0,3,6,7,79,24,62,0,36,32,9,0,3,3,17,18,169,15,98,6,9,12,20,0,0,0,1,7,0,0,16,20,3,1,0,12,0,19,48,0,12,7,41,0,43,0,0,0,513,0,0,1
gExhbUo61n0,1762,73,0,0,3,43,5,1,3,4,3,3,0,0,4,3,4,17,1,653,4,66,10,1,6,50,21,0,0,0,0,1,0,0,14,60,0,1,0,2,2,12,0,1,10,0,94,0,4,3,9,0,215,2,0,29,4,1,1,1,0,0,1,0,1,71,1,2,0,0,10,3,0,0,0,6,1,17,3,36,0,1,2,0,0,0,0,0,7,0,0,9,6,1,0,0,11,0,1,47,0,0,5,2,0,7,0,0,0,115,0,0,1
EV-SV9YzRdQ,3166,72,0,0,9,19,2,2,0,0,1,3,0,0,7,1,2,169,1,1356,4,110,21,71,3,60,31,0,0,0,3,0,0,0,6,78,0,1,1,4,0,6,0,1,13,0,218,0,4,1,5,0,97,0,0,24,15,2,6,3,2,0,1,1,0,39,9,7,0,4,31,1,0,0,0,35,0,32,7,5,0,1,6,3,0,0,0,1,0,0,0,6,7,3,0,0,3,0,2,9,0,1,1,0,0,3,0,0,0,570,0,0,0
mjDCGPKdE7k,510,42,0,0,0,3,0,0,1,0,0,1,0,0,4,0,1,4,0,196,3,13,6,0,0,9,5,0,0,0,0,0,0,0,1,20,0,0,0,0,0,2,0,1,4,0,45,0,0,0,1,0,87,0,0,5,2,0,0,0,0,0,0,0,0,33,0,0,0,0,2,1,0,0,0,1,0,1,1,0,2,0,2,2,0,0,0,0,0,0,0,8,6,0,0,0,1,0,0,1,0,0,0,1,0,0,2,0,0,28,0,0,0
afUKyuYkqSI,2599,82,0,2,8,39,10,1,16,0,1,2,0,0,6,1,2,9,0,1163,3,77,5,1,10,51,10,0,0,0,1,1,0,0,3,26,0,4,0,0,3,54,0,0,5,0,95,0,1,6,2,0,398,1,3,9,4,1,4,1,0,0,5,1,4,50,5,62,0,1,7,4,0,1,0,4,4,22,4,92,10,1,4,8,0,0,0,9,7,0,0,9,8,1,0,0,2,0,3,78,0,1,11,4,0,3,0,0,0,99,0,0,0
iQaGCYjaMPc,364,35,0,1,0,2,0,0,0,0,1,0,0,0,5,1,0,0,0,188,0,6,0,0,1,4,0,0,0,0,1,0,0,0,0,1,0,0,0,2,0,7,0,0,1,0,21,0,0,0,1,0,84,0,0,2,0,1,0,0,0,0,0,0,0,1,3,1,0,0,0,1,0,0,0,2,0,1,1,1,1,0,0,0,0,0,0,0,0,0,0,2,2,0,0,0,2,0,1,2,0,0,0,0,0,0,0,0,0,11,0,0,0
TIbItS4-4bQ,2832,79,0,4,6,40,7,2,3,2,3,4,0,0,13,5,4,26,0,1134,5,96,29,2,8,81,39,0,0,0,1,0,0,0,26,116,0,3,1,9,2,23,0,1,21,0,135,0,16,3,17,0,210,2,1,41,11,1,6,1,0,0,0,0,0,107,4,15,0,6,4,3,0,0,0,20,1,24,3,30,1,3,8,3,0,0,0,0,1,0,0,21,11,2,0,0,12,0,4,38,0,0,5,0,0,40,3,0,0,242,0,0,0
aN-HGi_36zY,1604,74,0,0,1,58,2,1,0,5,1,1,0,0,22,1,3,14,0,747,2,42,10,5,10,32,11,0,2,0,1,0,0,0,5,9,0,2,1,3,2,51,0,0,19,0,76,0,1,1,4,0,118,0,0,22,2,2,22,4,0,0,0,1,2,19,13,10,0,9,4,7,0,0,0,6,1,12,3,2,1,2,3,1,0,0,0,0,2,0,0,5,5,1,2,0,4,0,6,19,0,2,0,5,0,4,1,0,0,126,0,0,0
F4d52OxVYFY,6169,88,0,9,33,58,28,3,2,5,7,4,0,0,10,11,15,65,4,1862,15,124,65,9,12,283,87,0,2,0,6,0,0,0,91,370,0,9,4,11,4,24,0,9,24,0,510,0,47,4,38,1,312,3,5,157,29,1,7,6,1,0,2,2,2,539,6,23,0,13,15,9,0,0,0,17,0,50,10,64,0,5,17,12,0,0,0,1,3,0,0,67,19,2,0,0,4,0,3,158,0,2,9,7,0,25,1,0,0,528,0,0,2
wBb_E_xG61s,284,31,0,0,1,0,0,0,0,0,0,1,0,0,2,0,2,13,0,88,0,6,3,5,0,10,1,0,0,0,1,0,0,0,1,4,0,0,0,1,0,0,0,0,0,0,51,0,0,0,1,0,21,0,0,9,4,0,0,0,0,0,0,0,0,9,0,0,0,3,1,0,0,0,0,1,0,1,0,0,0,0,1,2,0,0,0,0,0,0,0,3,1,0,0,0,0,0,0,0,0,0,0,0,0,1,0,0,0,36,0,0,0
11YKiu3zH4Q,1830,58,0,1,2,0,0,0,1,0,1,1,0,0,6,1,5,14,0,650,1,21,16,0,0,33,11,0,0,0,1,0,0,0,1,21,0,2,0,1,0,17,0,0,5,0,108,0,1,0,1,0,721,0,0,9,1,1,1,0,0,0,1,0,1,13,7,2,0,0,4,2,0,0,0,4,0,12,0,7,2,1,1,0,0,0,0,1,0,0,0,6,3,1,0,0,5,0,3,3,0,0,0,0,0,3,0,0,0,79,0,0,0
KPd7fKJFwHE,4205,77,0,2,6,72,1,0,0,1,3,2,0,0,24,8,6,66,1,2796,7,221,16,20,5,16,22,0,2,0,4,0,0,0,18,6,0,7,1,5,3,36,0,0,29,0,151,0,6,1,10,0,120,1,0,28,3,5,10,4,1,0,0,1,0,16,11,30,0,3,19,8,0,1,0,15,2,45,6,7,3,3,8,5,0,0,0,1,0,0,0,2,6,0,0,0,11,0,27,5,0,2,0,4,0,9,1,0,0,186,0,0,1
9_QeHbvkszc,1205,49,0,0,1,0,0,0,0,0,1,0,0,0,4,0,5,3,0,389,1,13,5,2,0,47,7,0,0,0,1,1,0,0,1,28,0,7,0,0,0,50,0,0,5,0,51,0,0,0,9,0,289,0,0,12,1,0,0,2,0,0,0,0,0,27,24,2,0,1,3,5,0,1,0,3,0,0,1,0,2,2,3,1,0,0,0,0,0,0,0,6,11,1,0,0,68,0,5,0,0,0,0,0,0,0,0,0,0,80,0,0,0
mKAqbsvN_uw,558,39,0,0,0,0,0,1,0,0,0,1,0,0,5,0,1,7,0,209,0,4,0,0,0,9,3,0,0,0,0,0,0,0,1,4,0,0,1,0,0,27,0,0,2,0,17,0,1,0,4,0,191,0,0,5,1,0,1,0,0,0,0,0,0,2,10,2,0,0,1,1,0,0,0,0,0,7,0,3,1,1,0,0,0,0,0,0,0,0,0,2,5,0,0,0,3,0,3,0,0,0,1,0,0,0,0,0,0,13,0,0,0
TpO4r0mL8ac,14302,89,0,13,12,456,23,7,0,1,2,17,0,0,24,9,37,140,1,9246,9,295,76,54,134,103,137,0,6,0,19,0,0,0,26,21,0,14,5,44,17,424,0,5,132,0,152,0,10,1,12,0,776,1,0,59,3,1,185,23,2,0,0,4,5,28,78,79,0,6,75,31,0,1,0,29,22,46,16,58,5,4,12,18,0,0,0,24,2,0,0,34,18,4,2,0,11,0,133,244,0,14,6,15,0,19,4,0,0,447,0,0,1
ERl_J3b_ejI,11059,92,0,11,20,233,41,5,13,7,5,7,0,0,40,15,30,91,3,4838,19,444,68,4,40,597,97,0,3,0,13,0,0,0,85,568,0,7,4,16,10,55,0,1,71,0,758,0,43,9,37,2,571,3,4,84,18,2,12,5,1,0,7,5,5,307,32,66,0,17,45,22,0,2,0,34,6,124,25,103,4,9,21,12,0,0,0,0,13,0,0,60,25,10,2,0,33,0,18,212,0,9,11,15,0,48,4,0,0,635,0,0,1
FMb2EeNQSUQ,18109,94,2,3,156,396,18,3,5,10,6,23,0,0,42,42,18,69,3,7236,48,1262,53,15,54,175,87,0,9,0,19,2,0,0,106,185,0,31,7,18,9,184,0,3,98,0,1816,0,34,8,160,1,2182,2,1,433,16,21,31,15,30,0,3,6,2,269,71,33,0,17,28,14,0,1,1,12,10,429,25,308,2,63,19,5,0,0,0,4,9,0,0,72,48,10,3,0,12,0,22,73,0,20,21,48,0,52,3,0,0,997,0,0,0
dJf5s0-KsPM,555,45,0,1,0,5,2,0,1,0,0,0,0,0,2,0,0,5,0,197,2,22,4,0,2,23,3,0,1,0,0,0,0,0,1,18,0,0,0,0,0,1,0,0,1,0,42,0,0,1,1,0,98,0,0,5,0,0,1,0,0,0,0,1,0,18,2,1,0,4,3,1,0,0,1,2,0,9,0,2,0,0,0,1,0,0,0,0,1,0,0,7,0,0,0,0,3,0,0,7,0,0,0,0,0,1,0,0,0,48,0,0,0
HCcACf6enxM,405,34,0,1,3,1,1,0,0,0,0,0,0,0,1,0,1,3,0,97,0,8,0,0,0,2,0,0,0,0,1,0,0,0,3,10,0,0,0,0,0,10,0,0,0,0,19,0,0,0,6,0,185,0,0,1,0,0,0,0,0,0,0,0,0,7,1,1,0,1,2,0,0,0,0,0,0,3,0,3,0,4,0,0,0,0,0,0,0,0,0,4,1,0,0,0,6,0,2,0,0,0,0,0,0,0,1,0,0,13,0,0,0
__gCkerTRJY,911,37,0,0,0,0,0,0,2,1,0,0,0,0,0,0,0,2,0,112,0,12,2,0,0,14,1,0,0,0,1,0,0,0,1,16,0,0,0,0,0,1,0,0,0,0,66,0,0,0,1,0,600,0,0,5,3,0,0,0,0,0,1,0,0,14,0,1,0,1,1,1,0,0,0,0,0,1,0,2,1,0,0,1,0,0,0,0,0,0,0,1,2,1,0,0,1,0,1,2,0,0,0,0,0,2,0,0,0,35,0,0,0
ocCo3jKj8yI,4694,87,0,1,9,30,15,3,11,1,4,2,0,0,18,4,7,10,2,1590,4,106,17,0,8,186,30,0,1,0,5,1,0,0,6,126,0,3,1,3,2,36,0,0,9,0,263,0,4,2,3,0,1196,1,1,43,3,0,7,0,0,0,4,2,8,130,6,54,0,6,7,14,0,0,0,3,2,111,3,95,0,2,7,12,0,0,0,7,5,0,0,18,16,5,3,0,1,0,8,42,0,3,4,7,0,7,1,0,0,267,0,0,1
xw2ybzfOfLo,183,26,0,0,1,0,0,0,0,0,0,1,0,0,0,0,0,2,0,75,0,4,1,1,0,5,0,0,0,0,0,0,0,0,0,5,0,0,0,0,0,17,0,1,1,0,15,0,0,0,1,0,19,0,0,2,0,0,2,0,0,0,0,0,0,2,0,0,0,1,0,1,0,0,0,0,0,0,0,1,0,0,1,0,0,0,0,0,0,0,0,0,0,0,0,0,1,0,6,0,0,0,0,0,0,0,0,0,0,14,0,0,0
KReeCbW8D6I,3573,54,0,3,5,7,0,0,0,0,0,0,0,0,0,2,3,19,0,538,1,18,6,1,0,31,14,0,0,0,2,0,0,0,9,33,0,3,1,1,0,9,0,0,3,0,154,0,29,0,46,0,2386,0,0,21,2,1,4,1,0,0,0,0,0,44,4,7,0,0,3,1,0,1,0,5,0,6,2,0,0,10,2,3,0,0,0,0,0,0,0,6,4,0,0,0,6,0,1,1,0,0,0,1,0,15,0,0,0,70,0,0,0
3Ym08pVITbg,1707,71,0,3,2,31,19,2,0,3,0,0,0,0,8,3,5,13,2,745,1,32,14,3,0,31,21,0,1,0,1,0,0,0,17,27,0,1,3,9,4,8,0,2,7,0,112,0,13,1,10,0,90,1,0,27,6,3,4,0,0,0,0,1,0,29,1,6,0,3,5,12,0,0,1,7,0,22,2,9,1,0,5,3,0,0,0,1,0,0,0,10,8,1,0,0,2,0,1,83,0,1,0,0,0,2,1,0,0,179,0,0,0
KhQ_xVxpqG8,402,35,0,0,1,60,2,0,0,1,0,1,0,0,3,0,0,2,0,133,0,3,1,0,4,3,5,0,0,0,0,0,0,0,0,9,0,1,0,1,0,0,0,0,1,0,42,0,0,0,0,0,70,0,0,5,0,0,1,0,0,0,0,0,0,6,0,1,0,2,1,0,0,0,0,1,3,4,1,0,0,0,0,0,0,0,0,0,0,0,0,0,2,0,0,0,1,0,0,0,0,0,0,2,0,0,0,0,0,26,0,0,0
D4SEVu4_Ko0,9532,91,0,35,19,317,15,7,9,7,8,8,0,0,20,7,17,87,3,3468,15,401,108,6,43,309,75,0,8,0,9,2,0,0,78,342,0,12,6,31,11,55,0,2,49,0,510,0,49,8,30,0,1079,6,1,109,16,4,40,6,10,0,3,4,5,309,16,61,0,19,37,19,0,2,0,53,26,96,18,112,5,9,20,13,0,0,0,3,12,0,0,61,33,3,0,0,52,0,13,226,0,18,10,33,0,141,8,0,0,523,0,0,1
qPPWvnv1iDk,4506,82,0,3,8,35,22,7,18,2,0,1,0,0,11,2,8,21,2,2119,7,83,17,1,4,171,39,0,2,0,1,1,0,0,16,152,0,1,0,0,3,22,0,1,20,0,315,0,6,6,15,0,256,0,6,71,7,3,4,0,0,0,12,5,13,143,5,5,0,10,19,19,0,1,0,17,2,53,3,197,2,5,3,10,0,0,0,0,23,0,0,26,6,3,1,0,1,0,1,102,0,3,10,2,0,5,1,0,0,269,0,0,0
FEJ-XTw83yI,336,30,0,0,0,1,0,0,0,0,0,0,0,0,0,0,0,2,0,106,1,6,3,1,0,17,2,0,0,0,0,0,0,0,0,7,0,0,2,0,0,2,0,0,0,0,72,0,0,0,0,0,63,0,0,5,0,0,2,0,0,0,0,0,0,7,0,1,0,1,2,1,0,0,0,1,0,2,0,1,0,4,0,0,0,0,0,0,0,0,0,2,0,0,0,0,0,0,0,1,0,0,0,0,0,0,0,0,0,19,0,0,0
wdpjkpU9vng,804,57,0,0,2,15,1,1,1,0,0,2,0,0,1,4,0,12,1,362,3,15,4,1,1,10,5,0,0,0,1,0,0,0,1,27,0,0,0,0,1,21,0,0,6,0,31,0,2,0,1,0,135,0,1,6,0,0,5,0,0,0,0,2,0,19,2,6,0,0,2,2,0,0,0,1,0,6,0,13,0,1,1,2,0,0,0,0,1,0,0,8,7,0,0,0,2,0,1,2,0,0,1,5,0,2,0,0,0,28,0,0,0
kMf9fvNIFS4,945,46,0,0,2,5,1,0,0,1,2,1,0,0,0,0,1,6,0,176,0,17,0,2,2,11,6,0,0,0,0,0,0,0,6,16,0,3,0,1,0,2,0,0,2,0,32,0,3,0,13,0,529,0,0,7,0,0,1,0,0,0,1,1,0,23,1,0,0,0,3,0,0,0,0,1,1,4,0,2,0,2,0,0,0,0,0,0,0,0,0,4,0,0,0,0,1,0,0,1,0,2,0,0,0,3,0,0,0,36,0,0,0
IBH3DRaYdYA,4392,86,0,2,5,66,1,1,2,2,3,15,0,0,6,7,5,15,2,1890,11,448,17,3,11,52,13,0,0,0,5,3,0,0,11,54,0,5,1,7,7,43,0,1,38,0,200,0,4,3,12,0,769,1,1,31,3,2,8,7,1,0,2,1,2,59,3,4,0,5,4,11,0,1,0,2,5,102,9,66,5,14,2,4,0,0,0,1,4,0,0,25,16,2,0,0,5,0,5,29,0,1,3,13,0,13,0,0,0,144,0,0,0
V3Ly4ENG0SE,206,33,0,0,2,1,1,1,0,0,0,0,0,0,1,0,0,0,0,88,0,6,0,0,0,4,3,0,0,0,0,0,0,0,0,6,0,0,0,0,0,11,0,0,1,0,8,0,0,0,3,0,13,0,0,3,0,0,0,1,0,0,0,0,0,4,5,0,0,0,3,1,0,0,0,0,0,1,1,2,1,0,0,0,0,0,0,0,0,0,0,2,0,1,0,0,5,0,2,1,0,0,0,0,0,0,0,0,0,20,0,0,0
CjkB699HuWM,155,29,0,0,0,1,1,0,0,0,0,2,0,0,0,0,0,1,0,49,0,3,1,0,2,10,1,0,0,0,1,1,0,0,0,16,0,0,0,4,0,5,0,0,0,0,10,0,0,0,0,0,14,0,1,2,0,0,0,0,0,0,0,0,0,8,0,0,0,0,0,2,0,0,0,0,0,1,0,0,0,0,0,1,0,0,0,0,0,0,0,2,4,0,0,0,0,0,1,0,0,0,0,0,0,1,0,0,0,9,0,0,0
WAfrm5538_k,5250,72,0,2,4,17,3,0,0,3,1,6,0,0,40,8,3,34,2,3158,7,77,14,5,2,62,20,0,2,0,4,0,0,0,5,34,0,4,1,3,0,83,0,3,22,0,99,0,0,1,3,0,1090,1,0,34,3,2,5,1,0,0,0,0,0,18,36,19,0,3,13,3,0,1,0,12,0,25,4,4,1,0,8,4,0,0,0,0,0,0,0,9,6,0,0,0,5,0,22,5,0,0,1,1,0,32,0,0,0,118,0,0,0
P1LFWVEGpSk,9835,81,0,6,8,270,3,0,0,2,4,10,0,0,27,5,20,189,0,6207,20,424,35,54,24,77,65,0,3,0,9,0,0,0,22,21,0,17,0,13,6,91,0,3,66,0,438,0,11,0,9,0,575,2,0,73,14,4,11,9,9,0,1,1,0,21,31,36,0,7,61,18,0,1,0,29,6,83,17,7,11,5,17,45,0,0,0,2,0,0,0,14,23,1,0,0,18,0,60,16,0,2,0,15,0,17,1,0,0,346,0,0,1
GTGdRFRabDo,10367,93,0,2,21,150,80,31,95,3,15,11,0,0,25,7,12,85,2,3796,11,197,65,16,43,322,63,0,2,0,3,1,0,0,16,276,0,34,7,10,11,85,0,1,37,0,531,0,16,57,7,2,1030,6,22,94,10,5,16,10,2,0,39,8,50,281,21,124,0,23,18,14,0,0,1,52,5,128,23,765,11,4,10,19,0,0,0,19,73,0,0,53,45,5,7,0,8,0,144,295,0,5,39,15,0,4,2,0,0,565,0,0,0
7VedDYFzSPM,211,30,0,0,0,0,1,0,0,0,0,0,0,0,1,0,2,1,0,56,0,7,0,0,0,6,1,0,0,0,0,0,0,0,0,6,0,0,0,0,0,3,0,0,0,0,7,0,0,1,1,0,73,0,0,3,0,0,1,0,0,0,0,0,0,5,1,2,0,0,0,2,0,0,0,0,0,6,0,6,0,4,0,1,0,0,0,0,1,0,0,0,1,0,0,0,1,0,0,0,0,0,0,0,0,0,0,0,0,9,0,0,0
zS1jKIsAOmM,11191,94,0,5,18,15,21,3,10,18,9,11,0,0,155,26,29,279,1,5606,16,427,35,40,2,224,90,0,8,0,18,2,0,0,10,65,0,14,3,11,5,361,0,3,105,0,646,0,10,2,33,0,881,3,1,79,9,6,22,5,8,0,3,9,4,86,139,77,0,18,42,33,0,2,1,89,1,112,12,92,20,34,20,50,0,0,0,10,5,0,0,51,85,2,0,0,128,0,82,24,0,6,5,1,0,31,11,0,0,405,0,0,2
fxiGS3jAaco,212,28,0,0,2,1,0,0,0,0,0,0,0,0,1,0,0,3,0,62,0,1,2,0,0,12,1,0,1,0,0,0,0,0,0,4,0,0,0,1,0,0,0,0,1,0,27,0,0,0,0,0,47,0,0,3,1,0,0,0,0,0,0,0,0,12,0,1,0,1,0,0,0,0,0,0,1,2,0,0,1,0,1,0,0,0,0,0,0,0,0,1,2,0,0,0,0,0,0,0,0,0,0,0,0,0,0,0,0,19,0,0,0
2OGtJXeH6LQ,12886,90,0,1,25,56,17,18,24,2,5,22,0,0,99,6,17,120,3,6055,32,839,29,6,19,224,84,0,16,0,57,0,0,0,22,252,0,3,2,16,10,62,0,7,54,0,678,0,12,45,15,1,1370,1,4,126,13,5,33,6,1,0,10,2,13,247,40,23,0,20,38,22,0,9,0,11,1,235,8,617,0,17,23,8,0,0,0,0,35,0,0,31,14,1,2,0,13,0,18,86,0,3,22,4,0,24,0,0,0,650,0,0,1
ihLXRuhaFqU,1034,58,0,1,1,2,0,0,0,0,1,0,0,0,6,0,3,14,0,473,2,15,2,1,0,32,15,0,0,0,0,0,0,0,1,23,0,6,2,0,1,8,0,0,4,0,51,0,1,0,2,0,197,0,0,19,2,1,1,2,0,0,0,0,1,17,2,15,0,2,3,1,0,1,0,10,0,5,2,3,0,0,1,14,0,0,0,1,1,0,0,6,2,2,0,0,1,0,0,0,0,0,1,0,0,4,0,0,0,42,0,0,0
Wb2MKdcGcaQ,5820,73,0,6,12,11,5,0,0,0,3,0,0,0,28,10,9,45,3,3676,5,151,15,5,3,54,35,0,1,0,0,0,0,0,34,23,0,19,0,13,7,69,0,1,44,0,241,0,11,1,26,0,674,0,0,52,2,0,8,1,0,0,0,1,0,16,21,21,0,9,16,6,0,0,0,20,0,54,6,5,4,5,6,13,0,0,0,2,0,0,0,15,11,1,0,0,11,0,18,9,0,1,0,3,0,16,1,0,0,183,0,0,0
5KmfwvR1Xsc,17007,96,0,6,83,442,25,14,16,16,6,10,0,0,52,29,31,207,4,5507,26,914,79,10,80,299,124,0,6,0,27,2,0,0,130,245,0,35,2,26,20,261,0,6,82,0,2054,0,87,5,226,8,901,10,6,203,16,19,117,11,8,0,2,32,3,765,55,122,0,185,88,48,0,6,4,33,11,267,36,182,13,35,31,74,0,0,0,7,14,0,0,71,51,24,8,0,32,0,53,77,0,7,11,74,0,80,4,0,0,1724,0,0,4
JPKiAdO8lg0,608,25,0,0,1,0,0,0,0,1,0,1,0,0,0,0,0,4,0,96,1,1,0,0,0,8,1,0,0,0,0,0,0,0,0,7,0,0,0,0,1,2,0,0,1,0,47,0,0,0,1,0,388,0,0,3,0,0,0,0,0,0,0,0,0,14,0,1,0,0,2,0,0,0,0,0,0,2,0,3,0,0,0,0,0,0,0,0,0,0,0,2,0,0,0,0,0,0,0,0,0,0,0,0,0,0,0,0,0,18,0,0,0
PsDRmVjhCoM,1496,66,0,3,1,30,1,0,0,0,0,1,0,0,9,3,1,17,0,946,5,89,5,4,4,18,8,0,0,0,3,0,0,0,3,7,0,0,0,3,1,13,0,0,3,0,63,0,3,3,3,0,53,1,0,7,0,0,1,1,1,0,0,0,0,5,1,4,0,1,6,5,0,1,0,7,1,20,2,7,2,4,4,2,0,0,0,0,0,0,0,2,4,0,0,0,2,0,5,3,0,3,0,3,0,2,0,0,0,74,0,0,0
YnoSTg2atPM,18823,97,4,8,77,706,70,4,11,17,20,29,0,0,155,27,56,167,3,6736,46,1179,105,21,123,219,156,0,39,0,49,1,0,0,101,141,0,39,10,26,43,172,0,6,129,0,1762,0,93,3,146,16,1227,15,1,263,21,23,523,10,7,0,1,19,11,225,60,194,0,109,149,108,0,1,3,106,18,357,57,97,7,46,105,113,0,0,0,9,11,0,0,70,97,16,2,0,10,0,53,109,0,20,7,78,0,72,2,0,0,1414,0,0,4
jYUvmffAKD0,453,45,0,0,0,8,1,0,0,4,0,0,0,0,6,1,1,2,0,220,0,15,2,0,0,5,2,0,0,0,0,0,0,0,2,6,0,0,1,2,1,26,0,0,0,0,18,0,0,0,0,0,23,0,0,3,1,4,1,0,0,0,0,0,0,5,6,4,0,0,1,2,0,0,0,0,1,1,0,1,0,0,3,0,0,0,0,0,0,0,0,0,3,0,0,0,3,0,7,5,0,0,0,0,0,4,0,0,0,42,0,0,0
1sdE7ajEzWI,5062,82,0,8,19,84,5,2,0,3,1,1,0,0,9,8,9,63,1,2616,7,160,42,2,8,43,29,0,0,0,5,0,0,0,10,16,0,7,3,15,2,312,0,4,16,0,200,0,6,2,16,1,413,4,1,53,8,5,17,4,0,0,0,1,2,30,11,19,0,7,52,28,0,0,0,24,0,62,2,93,2,7,3,15,0,0,0,2,4,0,0,12,3,0,0,0,5,0,21,22,0,7,3,10,0,17,1,0,0,285,0,0,0
7Hr3p1BHC_E,23625,92,0,49,56,500,90,12,1,9,5,22,0,0,50,10,71,240,4,11872,25,1048,65,16,83,448,1236,0,50,0,122,1,0,0,66,240,0,16,63,692,19,100,0,7,164,0,602,0,43,5,61,2,479,9,2,312,44,17,38,6,4,0,2,4,5,154,23,67,0,38,215,33,0,0,0,58,53,286,31,119,4,6,98,32,0,0,0,30,10,0,0,59,20,1,1,0,68,0,23,1237,0,133,7,28,0,245,8,0,0,718,0,0,0
LqoQKbRmlYc,537,38,0,0,0,2,0,0,0,0,0,0,0,0,1,0,2,13,0,155,2,49,1,0,1,9,3,0,1,0,0,0,0,0,2,7,0,1,0,0,0,5,0,1,3,0,45,0,0,0,1,0,91,0,0,2,0,0,0,0,0,0,0,1,0,1,2,0,0,1,0,2,0,0,0,1,0,8,0,0,0,0,0,0,0,0,0,0,0,0,0,0,0,1,0,0,2,0,3,0,0,0,0,0,0,3,0,0,0,106,0,0,0
VsbIaKcDppU,4139,74,0,2,3,22,2,0,4,1,6,4,0,0,7,6,6,66,0,1013,7,42,7,2,1,66,31,0,2,0,0,0,0,0,5,56,0,9,2,2,2,16,0,0,13,0,138,0,3,1,6,0,2203,0,0,26,1,2,5,0,0,0,1,1,0,58,4,20,0,5,5,3,0,1,0,9,2,13,3,11,1,2,1,15,0,0,0,1,3,0,0,10,0,0,0,0,9,0,1,2,0,0,2,0,0,11,1,0,0,119,0,0,0
6eCCRvCWez8,72962,97,0,164,187,6150,487,23,38,412,19,59,0,0,255,48,185,483,8,37519,84,2096,446,100,800,745,839,0,70,0,67,4,0,0,611,206,0,107,43,307,67,385,0,25,669,0,3517,0,368,85,202,8,953,18,9,544,88,85,160,57,16,0,12,21,17,350,90,567,0,119,766,146,0,9,5,529,147,1126,60,326,32,25,217,147,0,0,0,108,35,0,0,271,116,17,8,0,446,0,144,2319,0,255,28,218,0,405,55,0,0,3450,0,0,10
reoZS8b97iY,1345,51,0,1,3,3,1,0,0,0,0,0,0,0,2,2,0,11,0,303,0,12,13,0,1,40,6,0,1,0,2,0,0,0,1,18,0,0,0,0,2,8,0,0,7,0,239,0,1,0,3,0,560,0,0,5,2,0,2,0,0,0,0,0,0,5,1,1,0,2,0,5,0,1,0,1,0,4,1,1,0,1,0,0,0,0,0,0,0,0,0,3,3,0,0,0,2,0,2,4,0,0,1,0,0,1,0,0,0,48,0,0,0
hPG6pahLpcE,539,35,0,0,0,0,0,0,0,0,0,0,0,0,1,0,0,4,0,316,1,9,3,0,0,6,2,0,0,0,0,0,0,0,1,7,0,0,0,1,0,10,0,0,1,0,12,0,0,0,3,0,96,0,0,4,0,0,0,1,2,0,0,0,0,1,9,1,0,2,0,1,0,0,0,0,0,2,1,3,0,2,0,0,0,0,0,0,0,0,0,2,1,0,0,0,9,0,3,0,0,0,0,0,0,1,0,0,0,17,0,0,0
l_4a88hh6uY,118,29,0,0,0,1,1,0,1,0,0,0,0,0,0,2,0,1,0,39,0,3,0,0,0,4,0,0,0,0,0,0,0,0,0,3,0,0,0,0,1,0,0,0,1,0,7,0,0,0,1,0,27,0,0,0,0,1,1,0,0,0,0,0,0,0,3,1,0,0,1,0,0,0,0,1,0,2,1,5,0,2,0,1,0,0,0,0,0,0,0,1,0,0,0,0,1,0,1,0,0,0,0,0,0,0,0,0,0,4,0,0,0
mVDyevdwPbE,597,42,0,1,1,4,0,1,1,0,0,0,0,0,2,0,1,2,0,185,0,5,3,1,1,8,5,0,0,0,0,0,0,0,0,14,0,0,0,0,0,0,0,0,0,0,149,0,0,0,0,0,148,0,0,6,1,0,1,0,0,0,2,0,0,12,0,4,0,1,1,0,0,0,0,0,0,3,1,2,1,1,0,0,0,0,0,0,1,0,0,3,4,0,0,0,1,0,0,1,0,0,0,1,0,0,1,0,0,14,0,0,1
pM-jOfy_1jM,64683,97,0,40,95,691,498,70,122,68,28,204,0,0,222,83,172,969,8,27881,224,9115,376,216,190,616,652,0,63,0,371,5,0,0,85,225,0,99,25,181,60,904,0,9,572,0,3130,0,40,101,51,5,1598,15,25,316,43,28,254,41,20,0,29,15,55,370,333,549,0,88,453,129,0,4,5,545,48,1377,95,1911,68,15,223,207,0,0,0,66,103,0,0,311,175,12,8,0,74,0,131,3781,0,41,95,45,0,80,57,0,0,1737,0,0,10
geGsr791U9c,1323,51,0,1,1,1,2,0,1,1,0,0,0,0,2,1,1,6,0,408,0,12,5,2,2,22,6,0,0,0,1,0,0,0,2,24,0,0,0,0,0,22,0,0,12,0,69,0,0,0,0,0,604,0,0,3,1,0,1,0,0,0,0,1,0,11,4,3,0,3,2,2,0,0,0,1,0,8,2,8,1,1,1,1,0,0,0,0,0,0,0,7,1,0,0,0,1,0,0,6,0,0,1,0,0,3,1,0,0,39,0,0,0
48Mr6oNMFrY,596,48,0,2,2,9,1,0,0,0,1,0,0,0,2,1,0,36,0,170,2,13,3,5,1,7,0,0,0,0,0,0,0,0,1,11,0,2,1,0,1,3,0,0,4,0,148,0,0,0,1,0,52,0,0,0,6,0,1,0,0,0,0,0,0,8,2,2,0,1,2,0,0,0,0,2,1,7,8,4,0,1,0,2,0,0,0,0,3,0,0,3,0,0,0,0,0,0,2,6,0,1,0,1,0,0,0,0,0,51,0,0,0
PjrAwC4TIPA,94979,97,0,275,286,1809,458,36,72,78,51,80,0,0,364,57,360,778,11,48285,128,3606,991,243,305,1411,2179,0,120,0,125,9,0,0,545,886,0,129,108,450,88,1258,0,38,758,0,4477,0,258,46,173,15,2053,46,8,1032,121,129,205,59,21,0,31,39,43,1076,216,748,0,227,688,312,0,10,3,673,57,1534,105,1136,35,40,473,245,0,0,0,44,71,0,0,679,238,51,12,0,1376,0,325,1796,0,279,73,131,0,857,150,0,0,4967,0,0,22
tVvTwMwvXqQ,155,15,0,0,0,1,0,0,0,0,0,0,0,0,0,0,0,0,0,36,0,1,0,0,0,6,0,0,0,0,1,0,0,0,0,1,0,0,0,1,0,0,0,0,2,0,16,0,0,0,0,0,79,0,0,3,0,0,0,0,0,0,0,0,0,0,0,0,0,0,0,1,0,0,0,0,0,1,0,0,0,0,0,0,0,0,0,0,0,0,0,0,0,0,0,0,0,0,0,1,0,0,0,0,0,0,0,0,0,5,0,0,0
hUJ3Q-dFt-8,1566,71,0,2,1,9,2,2,1,0,4,0,0,0,26,5,5,39,0,736,1,32,5,1,0,49,9,0,2,0,1,0,0,0,4,27,0,2,0,2,0,48,0,0,5,0,69,0,3,1,15,0,192,1,0,15,7,2,1,1,2,0,0,1,0,14,13,3,0,2,11,3,0,0,0,2,0,20,3,8,2,11,0,3,0,0,0,0,4,0,0,13,9,1,0,0,11,0,9,2,0,1,1,1,0,2,1,0,0,67,0,0,0
JOJzjQ-Kjos,4570,89,0,3,16,36,9,2,14,1,3,5,0,0,23,16,14,34,7,1970,9,122,28,5,19,155,39,0,3,0,6,0,0,0,4,154,0,5,0,34,4,13,0,1,16,0,297,0,8,5,13,0,296,2,2,60,8,1,16,4,3,0,8,1,7,199,3,38,0,11,9,5,0,1,2,17,1,60,7,128,1,4,4,6,0,0,0,2,14,0,0,48,4,8,2,0,2,0,4,99,0,2,11,4,0,5,0,0,0,304,0,0,1
DiJ8DBc64xY,133,25,0,0,0,0,0,0,0,0,0,1,0,0,0,0,1,1,0,32,0,3,1,0,1,3,0,0,0,0,0,0,0,0,1,17,0,0,0,1,0,4,0,0,0,0,8,0,0,0,0,0,19,0,0,1,0,0,0,0,0,0,0,0,0,11,0,0,0,0,0,2,0,0,0,0,0,1,0,0,0,0,0,0,0,0,0,0,0,0,0,6,2,0,0,0,0,0,0,1,0,1,0,0,0,1,0,0,0,13,0,0,0
aPf1H_gYEnE,1148,56,0,0,3,10,0,0,0,0,1,0,0,0,1,2,4,11,0,317,1,15,1,0,0,18,10,0,1,0,1,0,0,0,1,24,0,0,1,0,1,4,0,3,2,0,56,0,4,0,8,0,497,0,0,13,1,0,2,0,0,0,0,1,0,22,1,0,0,1,2,2,0,0,0,7,0,14,3,1,1,2,0,6,0,0,0,2,1,0,0,2,0,0,0,0,1,0,1,1,0,0,0,1,0,3,0,0,0,44,0,0,0
XNoIcVjnCaU,541,43,0,0,0,1,1,0,0,0,0,0,0,0,0,1,1,0,0,179,0,3,18,0,0,25,7,0,0,0,2,0,0,0,0,14,0,0,0,0,1,1,0,0,3,0,38,0,1,0,2,0,131,0,0,7,2,0,0,0,0,0,0,0,0,7,2,0,0,1,2,3,0,0,0,0,0,5,1,3,0,1,0,0,0,0,0,0,1,0,0,3,0,0,0,0,2,0,2,9,0,0,0,0,0,1,0,0,0,51,0,0,0
FQkI9RtkmrI,9593,92,0,29,9,185,90,5,2,46,3,5,0,0,32,13,19,111,1,4825,2,244,41,26,27,115,93,0,3,0,3,0,0,0,76,37,0,30,3,10,8,63,0,2,88,0,327,0,27,2,22,0,192,7,2,36,10,3,51,3,3,0,5,5,2,52,14,521,0,21,106,10,0,1,1,49,1,135,11,37,7,2,11,25,0,0,0,21,4,0,0,31,48,1,1,0,16,0,20,790,0,8,10,10,0,49,6,0,0,549,0,0,1
cR6p4EQ72ig,211,33,0,0,2,0,0,1,1,0,0,0,0,0,1,0,1,2,0,124,0,6,0,0,0,0,0,0,1,0,0,0,0,0,1,1,0,0,0,0,2,0,0,1,1,0,3,0,4,0,3,0,4,0,0,1,1,0,1,0,0,0,0,0,0,0,1,1,0,0,0,1,0,0,0,1,0,0,0,28,0,1,0,0,0,0,0,0,3,0,0,1,0,0,0,0,0,0,0,0,0,0,1,0,0,0,1,0,0,9,0,0,0
X66KkzMJCKE,4658,88,0,3,44,79,22,6,6,3,2,8,0,0,6,7,7,48,1,1551,10,128,30,4,11,192,93,0,2,0,6,0,0,0,44,223,0,2,2,10,10,71,0,0,9,0,311,0,29,9,17,1,255,1,2,109,15,0,4,1,2,0,1,3,2,312,18,18,0,10,16,8,0,0,1,18,1,45,7,59,1,2,9,3,0,0,0,2,3,0,0,48,18,1,2,0,6,0,5,144,0,1,8,5,0,55,4,0,0,317,0,0,1
7aY1uUUUQrI,1140,49,0,0,1,8,2,0,0,0,0,2,0,0,1,0,2,5,0,271,0,13,4,0,0,26,6,0,0,0,1,0,0,0,2,27,0,0,0,1,0,5,0,0,4,0,108,0,0,1,2,0,481,0,0,11,1,0,3,1,0,0,1,1,0,21,3,5,0,0,4,0,0,1,0,2,0,8,4,4,0,1,0,2,0,0,0,0,0,0,0,4,9,2,0,0,3,0,0,2,0,0,0,1,0,5,0,0,0,63,0,0,0
I6LPhlAGZGM,5685,73,0,2,4,30,4,0,2,0,1,2,0,0,44,4,7,19,0,3252,7,109,6,4,4,52,22,0,6,0,1,0,0,0,3,22,0,3,3,4,0,197,0,1,19,0,105,0,1,0,5,0,1225,1,0,24,5,1,8,2,0,0,0,2,0,16,67,18,0,1,16,14,0,0,3,16,1,25,6,11,6,1,2,7,0,0,0,0,0,0,0,4,15,1,0,0,6,0,38,6,0,1,0,0,0,25,4,0,0,122,0,0,1
hxNG8NtjBhI,969,40,0,0,0,0,1,0,0,1,0,1,0,0,3,1,2,5,0,262,0,7,5,0,0,12,1,0,0,0,0,0,0,0,1,13,0,3,0,0,0,21,0,0,6,0,36,0,0,0,1,1,498,0,0,4,0,0,0,0,0,0,0,0,0,9,11,3,0,0,5,2,0,0,0,0,0,4,1,4,0,0,2,2,0,0,0,0,0,0,0,2,0,0,0,0,3,0,4,1,0,0,0,1,0,0,0,0,0,28,0,0,0
Hnmz2nvvqwA,996,50,0,0,1,3,0,0,0,0,2,1,0,0,2,1,1,6,0,234,0,11,1,0,0,15,8,0,0,0,0,1,0,0,1,33,0,2,0,0,0,2,0,0,2,0,71,0,4,0,7,0,450,0,0,8,2,0,0,0,0,0,0,0,0,23,1,6,0,1,2,2,0,0,0,6,0,3,2,2,1,2,0,17,0,0,0,0,0,0,0,2,2,0,0,0,1,0,1,1,0,0,0,0,0,4,0,0,0,33,0,0,0
pIm5KTTAZ3w,199,32,0,0,0,0,0,0,0,0,0,0,0,0,2,0,1,1,0,82,0,4,1,1,0,11,1,0,0,0,0,0,0,0,2,4,0,1,1,0,0,1,0,0,0,0,16,0,0,0,0,0,27,0,0,4,0,0,0,0,0,0,0,0,0,1,0,7,0,1,1,2,0,0,0,0,0,1,0,0,0,0,0,2,0,0,0,0,0,0,0,1,3,0,0,0,1,0,0,1,0,0,0,1,0,0,0,0,0,14,0,0,0
ppC-ZaD2ZR4,659,36,0,0,1,4,0,0,0,0,0,0,0,0,0,0,0,1,0,88,0,3,0,1,0,19,1,0,1,0,0,0,0,0,1,13,0,1,0,0,1,2,0,0,1,0,81,0,0,0,0,0,373,0,0,7,0,0,1,0,0,0,0,0,0,12,0,3,0,1,1,0,0,0,0,2,1,0,0,1,0,0,0,2,0,0,0,1,0,0,0,1,1,0,0,0,0,0,0,0,0,0,0,1,0,1,0,0,0,27,0,0,0
MdKz1sKGFr4,5599,92,0,10,30,87,25,1,3,5,6,2,0,0,12,6,15,62,1,1880,11,144,67,5,12,240,51,0,4,0,4,1,0,0,62,264,0,4,4,13,4,34,0,2,38,0,392,0,42,0,26,1,341,4,1,114,12,1,13,7,1,0,5,1,1,414,6,24,0,21,19,5,0,3,1,27,3,39,10,37,1,5,7,5,0,0,0,0,4,0,0,47,15,5,1,0,15,0,8,237,0,4,5,10,0,39,4,0,0,399,0,0,0
3LiU8qy59xc,3134,77,0,4,5,40,10,4,24,0,5,0,0,0,18,2,4,36,0,1615,2,91,12,1,7,67,15,0,2,0,3,1,0,0,2,65,0,3,2,3,1,35,0,0,7,0,118,0,2,15,5,0,253,0,3,22,1,0,5,2,1,0,2,0,11,51,15,16,0,5,10,7,0,0,0,10,2,15,4,147,0,2,2,10,0,0,0,1,10,0,0,15,5,0,0,0,0,0,6,95,0,0,10,2,0,4,1,0,0,125,0,0,0
eMCTbqy-g4Q,57198,97,0,28,191,3819,147,13,12,52,19,97,0,0,157,52,136,487,13,24263,76,3564,207,70,414,433,400,0,34,0,133,4,0,0,363,220,0,94,17,113,69,669,0,11,343,0,4791,0,201,21,465,24,4868,24,2,584,44,34,196,42,8,0,3,28,22,417,131,265,0,163,237,145,0,9,3,91,77,842,98,370,25,120,75,76,0,0,0,17,23,0,0,171,100,28,5,0,84,0,153,476,0,92,22,448,0,177,13,0,0,3398,0,0,9
UJn1cSFtRbk,8944,95,0,7,22,121,55,54,12,16,9,12,0,0,55,57,24,94,30,3218,10,194,57,16,141,454,91,0,4,0,9,2,0,0,24,285,0,3,4,110,9,84,0,14,37,0,465,0,20,9,12,1,490,6,12,146,11,5,20,6,1,0,4,2,26,335,11,39,0,20,35,21,0,2,2,38,6,137,28,171,4,10,12,10,0,0,0,4,15,0,0,106,81,2,4,0,7,0,7,515,0,5,6,12,0,19,3,0,0,569,0,0,0
vT8HnqDejxk,2459,63,0,1,2,5,2,0,0,0,0,1,0,0,11,4,3,51,0,1281,1,69,5,1,0,17,10,0,0,0,0,0,0,0,2,3,0,0,2,0,1,144,0,2,8,0,78,0,2,0,4,0,467,0,0,14,2,0,2,1,1,0,0,0,0,1,36,12,0,1,5,2,0,0,0,2,0,7,6,2,13,3,1,1,0,0,0,0,0,0,0,8,17,0,0,0,17,0,32,3,0,1,0,0,0,1,3,0,0,45,0,0,0
WrcV9mebqlU,202,21,0,0,0,1,0,1,0,0,0,0,0,0,1,0,0,0,0,69,0,0,0,0,0,9,2,0,0,0,0,0,0,0,0,8,0,0,0,0,1,4,0,0,1,0,14,0,0,0,6,0,72,0,0,2,0,0,1,0,0,0,0,0,0,0,0,0,0,0,0,0,0,0,0,0,0,1,0,1,0,1,0,0,0,0,0,0,0,0,0,1,0,0,0,0,0,0,0,0,0,0,0,0,0,0,0,0,0,5,0,0,0
adbq5IBZENs,5050,88,0,3,18,73,7,2,1,18,4,11,0,0,19,8,9,28,1,1767,17,742,10,5,14,32,28,0,7,0,17,1,0,0,34,20,0,13,2,9,6,56,0,4,52,0,401,0,12,2,36,0,358,1,1,83,5,4,25,21,0,0,2,2,2,41,9,13,0,15,33,15,0,1,0,9,7,173,15,91,3,30,9,19,0,0,0,3,3,0,0,25,19,5,0,0,6,0,22,33,0,6,2,7,0,17,0,0,0,339,0,0,0
jx9LezLlD8s,11987,85,0,8,11,27,3,0,0,1,1,6,0,0,89,4,22,72,2,7548,9,268,39,51,6,146,104,0,9,0,15,1,0,0,9,33,0,12,2,13,8,354,0,5,63,0,405,0,13,2,18,0,1205,0,0,84,5,3,15,4,4,0,0,5,0,37,126,50,0,19,73,37,0,3,0,34,2,71,11,30,13,10,12,18,0,0,0,2,0,0,0,34,40,5,0,0,19,0,91,19,0,2,1,4,0,24,6,0,0,400,0,0,3
_ZEuSF0pAqA,972,53,0,0,3,5,2,0,1,0,0,1,0,0,8,1,2,16,1,562,0,35,4,0,1,32,5,0,0,0,0,0,0,0,3,36,0,1,0,0,0,1,0,0,7,0,69,0,0,1,3,0,43,1,0,8,1,0,0,0,1,0,0,0,0,15,0,1,0,1,9,2,0,0,1,7,1,11,0,1,0,1,0,4,0,0,0,0,2,0,0,2,1,0,0,0,2,0,0,3,0,0,0,1,0,1,1,0,0,47,0,0,1
pBk95KkvnzQ,1017,51,0,0,1,0,0,0,0,0,0,3,0,0,5,18,4,13,0,601,1,32,1,0,0,17,9,0,1,0,0,0,0,0,5,5,0,0,0,1,0,3,0,0,3,0,31,0,7,0,31,0,90,0,0,16,0,1,3,1,0,0,0,1,0,0,3,5,0,1,3,4,0,0,0,2,0,7,0,2,1,15,3,0,0,0,0,1,0,0,0,1,3,0,0,0,3,0,3,0,0,1,0,0,0,0,0,0,0,40,0,0,0
tbwUq7TeuwM,1311,53,0,0,3,4,0,0,0,0,3,0,0,0,4,0,3,9,0,338,0,15,4,3,2,15,14,0,0,0,0,0,0,0,3,28,0,4,0,1,1,5,0,1,4,0,59,0,2,0,19,0,635,0,0,7,3,0,0,1,1,0,0,0,0,25,1,7,0,1,2,5,0,0,0,4,0,2,3,0,1,2,0,6,0,0,0,1,0,0,0,2,0,0,0,0,5,0,1,1,0,0,0,0,0,4,0,0,0,32,0,0,0
lJ3_K9FqsQI,548,44,0,0,3,6,0,0,0,0,0,3,0,0,1,0,3,1,0,217,0,17,1,3,1,19,4,0,0,0,0,0,0,0,5,8,0,2,1,0,2,7,0,0,3,0,101,0,0,0,1,0,20,1,0,9,0,1,1,0,0,0,0,0,0,9,2,8,0,0,1,2,0,0,0,0,0,10,0,4,0,0,0,15,0,0,0,1,1,0,0,0,2,0,0,0,1,0,0,6,0,0,2,0,0,1,0,0,0,40,0,0,0
YTiqnMl_API,320,35,0,0,1,0,1,1,0,0,0,1,0,0,3,0,3,5,0,115,0,4,0,1,0,5,6,0,0,0,0,0,0,0,1,3,0,0,0,0,0,5,0,0,2,0,14,0,0,0,1,0,102,0,0,4,0,0,0,0,0,0,0,0,0,5,3,1,0,1,1,1,0,0,0,0,0,3,0,9,0,0,0,1,0,0,0,0,0,0,0,1,0,0,0,0,5,0,1,1,0,0,0,0,0,0,0,0,0,8,0,0,0
FR68FgpcvrQ,205,25,0,0,0,2,0,0,0,0,0,0,0,0,1,0,0,1,0,74,0,0,1,0,0,9,1,0,0,0,0,0,0,0,1,4,0,0,0,0,0,0,0,0,1,0,31,0,1,0,0,0,38,0,0,0,1,0,0,0,0,0,0,1,0,4,0,2,0,1,0,0,0,0,0,0,0,0,0,3,0,0,0,0,0,0,0,0,0,0,0,3,3,0,0,0,0,0,0,1,0,0,0,0,0,1,0,0,0,19,0,0,0
GN35TPjb7Ow,344,23,0,0,1,0,0,0,0,0,0,0,0,0,4,0,1,4,0,59,0,0,2,0,0,4,1,0,0,0,0,0,0,0,0,5,0,0,0,0,0,1,0,0,3,0,27,0,0,0,0,0,196,0,0,4,1,0,0,0,0,0,0,0,0,10,0,0,0,0,0,0,0,0,0,0,0,0,1,0,0,1,0,0,0,0,0,0,0,0,0,4,0,0,0,0,1,0,0,1,0,0,0,0,0,0,0,0,0,12,0,0,0
wWBDPpRbXGM,1207,53,0,0,2,11,2,0,2,0,1,0,0,0,0,1,1,25,0,287,3,20,8,8,2,20,7,0,1,0,0,0,0,0,1,36,0,0,0,0,1,8,0,0,3,0,115,0,1,0,2,0,244,0,0,6,2,0,1,1,0,0,0,0,1,33,2,1,0,2,2,0,0,0,0,2,0,9,2,3,0,0,0,1,0,0,0,0,0,0,0,5,4,0,0,0,1,0,1,5,0,0,0,0,0,9,0,0,0,296,0,0,0
Ho_6XRqLVLY,509,45,0,0,1,0,0,0,0,0,0,1,0,0,3,2,0,8,0,209,0,15,5,1,0,9,2,0,0,0,0,0,0,0,3,2,0,1,1,0,1,17,0,0,8,0,26,0,2,0,29,0,65,0,0,9,0,0,0,0,0,0,0,1,0,1,5,2,0,1,1,1,0,0,0,0,0,0,1,2,0,2,0,7,0,0,0,0,0,0,0,2,3,0,0,0,1,0,3,0,0,0,0,2,0,0,0,0,0,45,0,0,0
rMLli8Efe3s,60764,97,0,23,51,1911,93,11,24,4,18,32,0,0,137,85,142,1006,5,26781,43,1358,316,13061,258,642,312,0,16,0,36,3,0,0,145,239,0,74,17,487,58,1820,0,15,347,0,1224,0,66,14,66,4,2221,5,3,218,25,10,191,56,9,0,4,23,17,236,618,316,0,80,282,174,0,2,1,111,65,291,111,217,64,16,56,205,0,0,0,22,13,0,0,191,356,21,2,0,113,0,275,468,0,51,23,98,0,196,96,0,0,1841,0,0,10
TmpjLZ34LIQ,411,39,0,1,0,3,1,0,1,1,0,0,0,0,6,0,0,2,0,184,0,14,2,1,0,11,4,0,0,0,0,0,0,0,0,6,0,0,0,1,0,4,0,0,1,0,14,0,1,0,0,0,110,0,0,1,0,0,3,0,0,0,0,0,0,4,1,0,0,1,0,0,0,0,0,1,0,5,0,8,1,0,0,0,0,0,0,0,1,0,0,0,1,0,0,0,0,0,1,1,0,0,1,1,0,1,0,0,0,8,0,0,0
QWZgoOoqgBU,746,40,0,2,0,12,2,0,0,2,0,0,0,0,6,2,4,6,0,360,2,20,6,0,4,26,8,0,0,0,2,0,0,0,2,34,0,0,0,4,2,16,0,0,10,0,24,0,0,0,0,0,48,0,0,8,0,2,0,0,0,0,0,0,0,22,2,2,0,0,0,0,0,0,0,0,0,8,2,10,0,0,0,0,0,0,0,0,0,0,0,10,12,0,0,0,4,0,0,0,0,0,0,0,0,2,0,0,0,52,0,0,0
CEjHFRzv5TY,21302,95,0,26,147,96,51,5,38,3,28,17,0,0,136,8,19,293,7,8394,28,986,40,1,17,689,84,0,16,0,20,4,0,0,84,480,0,15,2,50,23,78,0,3,52,0,2144,0,49,51,72,3,2389,1,25,315,51,7,34,5,1,0,5,4,11,460,19,150,0,31,55,27,0,6,0,108,3,294,35,485,8,29,97,27,0,0,0,3,32,0,0,67,35,3,3,0,20,0,52,140,0,8,21,4,0,19,0,0,0,1582,0,0,2
H29bXhbpNl8,40257,96,0,57,103,3506,76,2,14,14,12,76,0,0,302,38,68,287,12,13821,116,4557,529,28,343,336,314,0,36,0,91,4,0,0,116,103,0,62,63,117,35,1097,0,24,292,0,2343,0,84,4,181,8,2020,25,3,495,35,36,139,44,5,0,13,28,6,191,101,507,0,97,224,95,0,4,2,89,79,1136,69,138,33,136,71,94,0,0,0,8,18,0,0,62,183,11,2,0,45,0,126,318,0,71,14,415,0,86,15,0,0,2920,0,0,17
GvIM_rbI6Wk,4562,71,0,0,0,12,6,0,0,0,3,1,0,0,29,2,5,98,1,2564,6,69,15,11,3,38,19,0,3,0,0,0,0,0,4,4,0,2,1,9,2,246,0,6,13,0,73,0,4,0,16,0,721,1,0,20,4,2,5,2,3,0,0,0,1,2,94,32,0,2,19,14,0,1,0,11,1,9,6,7,12,7,1,11,0,0,0,0,0,0,0,4,31,0,0,0,8,0,50,3,0,0,0,1,0,13,5,0,0,126,0,0,1
1sA1zwcBhyQ,18626,94,2,7,71,578,23,2,3,9,4,16,0,0,84,13,60,728,4,7510,32,843,116,18,78,189,169,0,10,0,29,1,0,0,121,135,0,47,10,19,21,202,0,3,205,0,1929,0,70,16,175,4,958,4,0,286,27,15,54,21,8,0,0,20,13,201,56,91,0,102,80,64,0,6,0,34,19,209,65,78,5,66,113,110,0,0,0,3,8,0,0,28,36,12,2,0,51,0,83,61,0,15,9,76,0,97,5,0,0,1586,0,0,5
