comment_id,parent_id,is_reply,author,text,like_count,published_at,updated_at
UgxtWcs9ID5o-LU6D9Z4AaABAg,,False,@유빈김-z3t,리즈 웅니 잘춘다!!,0,2025-04-19T02:03:23Z,2025-04-19T02:03:23Z
Ugxi4EapCKIpJVlxLKN4AaABAg,,False,@지-pb,리즈는 비주얼 폼이야........,1,2025-04-18T10:34:33Z,2025-04-18T10:34:33Z
Ugy-HRnz_2MD9a03wRN4AaABAg,,False,@김수홍-w7e,섹기가 잇어 ㅋㅋㅋ,1,2025-04-14T11:52:55Z,2025-04-14T11:52:55Z
UgzQ404khmTlUB8ehJR4AaABAg,,False,@natashamelliou1471,leeseo gaeul yujin rei wonyoung and liz,0,2025-04-11T16:16:02Z,2025-04-11T16:16:02Z
UgwNIdwO9EI-BhMD1JJ4AaABAg,,False,@hahuho1,リズゥー！！最高すぎるぞぉ！！！！,0,2025-04-10T15:06:23Z,2025-04-10T15:06:23Z
UgxkH1FK4_8aM5ORaNp4AaABAg,,False,@최강한화-j2m,리즈 이쁘다❤❤❤,0,2025-04-07T06:22:20Z,2025-04-07T06:22:20Z
UgwAQj4hx6PhkKhGBbV4AaABAg,,False,@정현진-q1k,금발리즈 언제나 예쁘다❤❤❤,2,2025-04-06T00:27:59Z,2025-04-06T00:27:59Z
UgxhFdkX-4896hbyK5B4AaABAg,,False,@여명현-r1n,리즈야 화이팅 너무너무 예뽀,2,2025-04-05T08:03:29Z,2025-04-05T08:03:29Z
UgyozJBNIpR572Wms5N4AaABAg,,False,@Ai_keiko,LOVEEEE YOUUUU,0,2025-04-04T10:03:19Z,2025-04-04T10:03:19Z
UgxZVQR7zroqxPOAofB4AaABAg,,False,@Ys.c-m4v,리즈 ❤ ❤,0,2025-04-02T12:00:19Z,2025-04-02T12:00:19Z
UgxOUvF7oiKTKsINLgB4AaABAg,,False,@him3823,표정이 매번 똑같네잉,0,2025-04-02T08:52:41Z,2025-04-02T08:52:41Z
UgyS8uhCW_kWBvwVYlV4AaABAg,,False,@さよなら衛梨,この服どういう構造なんだw,0,2025-04-01T14:21:21Z,2025-04-01T14:21:21Z
UgzB4o-XN8_UoqKUuGd4AaABAg,,False,@영앙-d5d,아이브리즈,0,2025-04-01T10:46:18Z,2025-04-01T10:46:18Z
Ugw6T_sSz4CYa9YzA4V4AaABAg,,False,@jasieljuegos,❤❤❤❤,1,2025-04-01T01:25:00Z,2025-04-01T01:25:00Z
Ugw6T_sSz4CYa9YzA4V4AaABAg.AGMAZTiWD7lAGMA_UFhBQh,Ugw6T_sSz4CYa9YzA4V4AaABAg,True,@jasieljuegos,😢😢😢😂😢😂😮😂,1,2025-04-01T01:25:08Z,2025-04-01T01:25:08Z
UgyzI3MVYfkaajYQQOV4AaABAg,,False,@lee-fs2ef,아이브리즈 최고~~내기준 아이브 원탑 미모~,0,2025-03-31T22:33:23Z,2025-03-31T22:33:23Z
Ugyzxchx8jjR1qt9i5N4AaABAg,,False,@XxEllaxEditsxX,LIZ❤❤❤❤,0,2025-03-31T15:55:33Z,2025-03-31T15:55:33Z
UgxzEVlTlEJdXgHkIIV4AaABAg,,False,@ENGEN1208,ハイトーン似合う美女がここにも❤,0,2025-03-31T09:13:29Z,2025-03-31T09:13:29Z
Ugw6Bo3DllXvMdfV1vx4AaABAg,,False,@lilac__0__blossom,Liz so pretty!!!,0,2025-03-31T03:51:07Z,2025-03-31T03:51:07Z
Ugwfqj2xt15JFOQWpb94AaABAg,,False,@YoghiHary,Luv u❤,0,2025-03-28T20:51:34Z,2025-03-28T20:51:34Z
UgwoBNmo20uU_mauV5B4AaABAg,,False,@오재관-j4g,리즈이쁘네요 귀여워 복받기 새해에는 건강하게,2,2025-03-28T20:42:26Z,2025-03-28T20:42:26Z
UgzZe47ct2L41dV0lbV4AaABAg,,False,@이향미-n9w,❤❤❤❤❤❤❤❤❤❤❤❤❤❤❤❤❤❤❤❤❤❤❤❤❤❤❤❤❤❤❤❤❤,0,2025-03-27T23:05:31Z,2025-03-27T23:05:31Z
Ugzf_XW3L1jRCaHMlAx4AaABAg,,False,@よかわしんや,腰使いが流石すぎる👍️,0,2025-03-27T04:22:01Z,2025-03-27T04:22:01Z
Ugx5ykDvipfE3BtcapJ4AaABAg,,False,@秉李,💍😚💖,0,2025-03-25T03:34:31Z,2025-03-25T03:34:31Z
Ugy3erUXLUHoxa0WAGh4AaABAg,,False,@수딱,이 코디찰떡임,0,2025-03-24T20:30:51Z,2025-03-24T20:30:51Z
Ugy3o_Tr_FNJ2Lvfy-t4AaABAg,,False,@yurarichan,まじ痩せたよね！love diveの時と全然違う。。。,0,2025-03-24T14:40:30Z,2025-03-24T14:40:30Z
UgyWi8juj2xnA62KCvl4AaABAg,,False,@たいらげーむの部屋,ビジュが常に更新されてる,0,2025-03-24T14:33:03Z,2025-03-24T14:33:03Z
UgzFOAu4Rd4GeYSnKv14AaABAg,,False,@あお-b7c4r,可愛い〜！,0,2025-03-24T03:49:46Z,2025-03-24T03:49:46Z
UgzdZcq27Nim11NhPyZ4AaABAg,,False,@김현구-d3d,살을 너무뺀건 아닌지 먹을것 잘먹어야지,0,2025-03-23T22:20:36Z,2025-03-23T22:20:36Z
UgxykWqPlMoC8CRTSbF4AaABAg,,False,@virulentSIZ,my girl <3,0,2025-03-23T21:31:37Z,2025-03-23T21:31:37Z
Ugw3NioODvv64DoJWSh4AaABAg,,False,@harukisongsong5016,원영턴에 버금가는 리즈턴!!! ❤❤❤,0,2025-03-23T03:43:23Z,2025-03-23T03:43:23Z
Ugz8u64yfs9gyMfd9Ul4AaABAg,,False,@Hi3456-u5w,Not my phone freezing😆,0,2025-03-22T22:17:16Z,2025-03-22T22:17:16Z
Ugw_92cJLDUAte8fhlN4AaABAg,,False,@hubbb7988,สเปกเลย❤❤❤❤❤❤❤🎉🎉🎉,0,2025-03-22T14:03:28Z,2025-03-22T14:03:28Z
UgzPlMJinDvwsLTkJcZ4AaABAg,,False,@SareBear2000,She's so awesome 💯,0,2025-03-22T04:32:48Z,2025-03-22T04:32:48Z
UgwqvR1u19ppoa20fHZ4AaABAg,,False,@ইবলিশ৬৬৬,❤,0,2025-03-22T02:36:48Z,2025-03-22T02:36:48Z
UgxNi8HX9EYPNW_iKxx4AaABAg,,False,@SaeyeonSeonmu,리즈언니너무예쁘다❤❤❤❤😊,0,2025-03-21T23:43:10Z,2025-03-21T23:43:10Z
Ugzjsfhkjm077L5BGxF4AaABAg,,False,@이희윤-n3y,리즈야 너 니가 이쁜거 아는구나 ㅎ,0,2025-03-21T21:48:29Z,2025-03-21T21:48:29Z
Ugx-wJaPn5BAHcpTMnx4AaABAg,,False,@chongmeiannyuhu5913,She can stomp on me,0,2025-03-21T21:33:24Z,2025-03-21T21:33:24Z
UgycidQfHxfJuJuYf994AaABAg,,False,@언래조,너무 예뽀,0,2025-03-20T12:44:55Z,2025-03-20T12:44:55Z
UgxY5HPmS6SsRksSIFd4AaABAg,,False,@순대렐라-w3e,처음 본 순간 리즈에게 빠져버렸어,0,2025-03-20T06:10:45Z,2025-03-20T06:10:45Z
UgxTvqDC9HuI6QBv3o14AaABAg,,False,@faifaishek4437,我覺得他是在幫朱搞掉傅,0,2025-03-19T08:04:07Z,2025-03-19T08:04:07Z
Ugx2X5uiumqEC8TgYQV4AaABAg,,False,@nikecui1322,❤❤❤🇵🇭,0,2025-03-19T01:39:19Z,2025-03-19T01:39:19Z
UgzQ3eHLReDC42wWM9B4AaABAg,,False,@びすこちゃん-x8b,プリンセス❤リズ,0,2025-03-18T12:34:15Z,2025-03-18T12:34:15Z
UgytRqL-6ol08eCselh4AaABAg,,False,@jyeirakit,I love this part for her... I just feel like it was a waste sometimes... she could have used it to make some adlibs on the poses for every stage...,0,2025-03-18T05:31:02Z,2025-03-18T05:31:02Z
UgzhnAdy780bjXvnSYB4AaABAg,,False,@애니멀총각,둔탁한 합니다 😢,0,2025-03-17T14:02:51Z,2025-03-17T14:02:51Z
Ugx-HqzoQj4be63ygRJ4AaABAg,,False,@앙지-g7n,리즈 졸귀탱😍,0,2025-03-17T10:35:57Z,2025-03-17T10:35:57Z
UgzC8jUTW0WDggd3r1J4AaABAg,,False,@ウマーズ-p2y,リズ　ホントに歌もダンスも上手くて推しです,0,2025-03-16T11:49:51Z,2025-03-16T11:49:51Z
Ugy4mJOL9PhRB2o12JV4AaABAg,,False,@todogstation,リズのほくろになりたい,0,2025-03-16T11:19:08Z,2025-03-16T11:19:08Z
UgwmKw5TFnTYt9MHJ1l4AaABAg,,False,@사람-q3s1p,리즈는 천생 연애인이당~,0,2025-03-15T03:20:17Z,2025-03-15T03:20:17Z
UgybOx9j6Pawb8ebGWZ4AaABAg,,False,@kimjunch,넘나 카와이..,1,2025-03-14T05:51:05Z,2025-03-14T05:51:05Z
Ugwh6CAht8g9_4LyrLl4AaABAg,,False,@La_fer169,Loveeee this song>>>> 💓,0,2025-03-13T20:02:55Z,2025-03-13T20:02:55Z
UgxHrbGT1NadttewL_N4AaABAg,,False,@FlecheDeFer,Had to wait that era to realize Liy was so pretty,0,2025-03-12T08:53:17Z,2025-03-12T08:53:17Z
UgwvsKOlhLKXuNeXJqB4AaABAg,,False,@alexandreblossom6461,🩷🩷🩷🖤,0,2025-03-11T21:32:47Z,2025-03-11T21:32:47Z
Ugx3qfd-4T5ZYfgzW0d4AaABAg,,False,@愛菜美ふぶき姫,リズちゃん やばよ～ ❤ ❤,1,2025-03-11T13:55:49Z,2025-03-11T13:55:49Z
Ugwsh0slknj0ajgQXj94AaABAg,,False,@김동욱-q8n,요즘은 리즈가 리즈를 갱신한 느낌,2,2025-03-11T12:13:22Z,2025-03-11T12:13:22Z
UgzZQDnx2cbOJ-cG7rZ4AaABAg,,False,@hanahusky,Wow I thought my bias is yujin; well I’m sorry yujin but Liz just took ur place,0,2025-03-11T08:55:41Z,2025-03-11T08:55:41Z
UgyXOPd0dsXwP5Vc4QN4AaABAg,,False,@TV-cv7tc,❤❤,1,2025-03-11T08:35:07Z,2025-03-11T08:35:07Z
Ugx1e7bAWxUKLPtYdMF4AaABAg,,False,@bin1523,사랑해수광!!!,0,2025-03-10T13:19:40Z,2025-03-10T13:19:40Z
UgxLb-3N2bsd238tM-94AaABAg,,False,@AssilBz-k2f,Why aren't there many likes.. The other members get more.. Who is your bias from ive? I love Liz 💕😭🥹,0,2025-03-10T10:51:19Z,2025-03-10T10:51:19Z
Ugzz798lD8xjXssJ1rR4AaABAg,,False,@Userbbbrownyy,리즈 진짜 넘 이뽀😊,1,2025-03-09T02:18:06Z,2025-03-09T02:18:06Z
UgwB0Vz-KgmCE0RU-XB4AaABAg,,False,@SarvinGhorbani,"LIZ, ur getting stunning as day goes by nights, how could ppl hate u & call an angle like u ugly? U SLAY THE DAY KIM JIWOON, DON'T GIVE UP MY GURL❤",2,2025-03-08T16:27:54Z,2025-03-08T16:27:54Z
Ugyb8xZqKyuRrA2s6r14AaABAg,,False,@잇츠_이브,내 최애.. 넘 예뿌다..,1,2025-03-08T09:47:45Z,2025-03-08T09:47:45Z
Ugx2rWwFSKfEyZXa3FF4AaABAg,,False,@助っ人サポート,リズ(=ﾟωﾟ)ﾉいい,1,2025-03-08T06:05:40Z,2025-03-08T06:05:40Z
UgwVUwekZg-S6KQPHZ14AaABAg,,False,@SonderAb_Jinji,Liz got a huge glow up,0,2025-03-08T06:02:48Z,2025-03-08T06:02:48Z
UgxuPknV3Xy2TYx2iYF4AaABAg,,False,@tatianafs4916,Me encantó la canción por esta primera parte las expresiones de Liz tan linda ❤,0,2025-03-08T05:39:28Z,2025-03-08T05:39:28Z
Ugx3GzFZ1Oun0YZJJ6l4AaABAg,,False,@gamgam9374,리즈❤🐬🐱,0,2025-03-08T05:39:23Z,2025-03-08T05:39:23Z
Ugz8Wikq_jjnFK41FUJ4AaABAg,,False,@JustinPrime10,Mimi,0,2025-03-08T02:24:44Z,2025-03-08T02:24:44Z
Ugz1bQ729cJfOS1sSed4AaABAg,,False,@ColumbusMaine,"Liz looks better and better.
Because she looks part caucasian and because she's very pretty with very pretty eyes, she looks great with blonde hair.",0,2025-03-06T22:40:17Z,2025-03-06T22:41:44Z
Ugw7JfwMk7iUWaG6nWN4AaABAg,,False,@kothetaung9255,💗,0,2025-03-06T11:30:53Z,2025-03-06T11:30:53Z
Ugzx29uQGEdeScZB_L54AaABAg,,False,@aaryahamad3325,SO PRETTY AND TALENTEDD❤❤❤❤❤,1,2025-03-06T09:37:13Z,2025-03-06T09:37:13Z
UgynH_iddwW085r8QrB4AaABAg,,False,@Karla_24xX,She is so pretty 😻💗,0,2025-03-05T22:38:22Z,2025-03-05T22:38:22Z
UgxK--upSCls862Jaqx4AaABAg,,False,@신정숙-v1n,리즈언니너무예뻐요,1,2025-03-04T10:38:26Z,2025-03-04T10:38:26Z
UgyEk9QjaH-ctQ8vuA54AaABAg,,False,@최승민-w2z,레전드 깜냥이(치즈냥이)🐱,1,2025-03-03T02:55:17Z,2025-03-03T02:55:17Z
UgxyBBRGLXkQzZUZDnl4AaABAg,,False,@MS1Sing,ลิซสวยขึ้นเยอะเลย ❤❤❤,0,2025-03-02T17:11:54Z,2025-03-02T17:11:54Z
Ugxp3DD2La_rSOAmSwt4AaABAg,,False,@dpgblaze1,첫 화면이 또 살찐줄....,0,2025-03-02T14:36:44Z,2025-03-02T14:36:44Z
Ugy7KaxR4Lt-MQL5HaB4AaABAg,,False,@applesmell6316,"리즈 연습생 전 사진 보니까 엄청 이쁘던데
그이후 살이 쪘던데 무슨일이 있었던거지?..",0,2025-03-01T17:21:04Z,2025-03-01T17:21:04Z
UgzGfIJmJkG-Zii0MpB4AaABAg,,False,@로블-m7m,리즈 너무 이뻐!!!❤❤,0,2025-03-01T14:37:55Z,2025-03-01T14:37:55Z
UgwJ2yYlSI_KTPS7hiJ4AaABAg,,False,@빈이-f1h,사랑해ㅠㅠ❤❤,0,2025-03-01T10:20:36Z,2025-03-01T10:20:36Z
UgxxUM1X479g-yxaN2p4AaABAg,,False,@user-mx3wj7hx5m,우리 통천누나 살 빼면 진짜 존똑이겠네,0,2025-03-01T06:55:05Z,2025-03-01T06:55:05Z
UgxLp1cz_NPcfzAugwl4AaABAg,,False,@jiwon678,와 진짜!!!예뻐!!!,0,2025-03-01T06:08:47Z,2025-03-01T06:08:47Z
UgyaU-iEfkHooorGn6N4AaABAg,,False,@조옥선-q3m,"핸드폰 화질이 💩 이따군데,
굴하지 않고 화면을 뚫고 나오는 김지원씨에 외모땜에 핸드폰 화질이 돌아왔네요 감사합니다",0,2025-03-01T01:11:43Z,2025-03-01T01:11:43Z
UgxS6bcC8B-SOBUNH8B4AaABAg,,False,@홍은지-v7z,와....말이 안 외자나..이렇게 완벽한 고앵이.....,0,2025-02-28T23:26:07Z,2025-02-28T23:26:07Z
UgzXGoJO-AWoMTXkoYN4AaABAg,,False,@borz1332,❤️❤️,0,2025-02-28T17:50:04Z,2025-02-28T17:50:04Z
Ugx7fxDRHAY0RAisbEZ4AaABAg,,False,@김명옥-x8f5b,🎉🎉🎉🎉🎉🎉❤❤❤❤❤,0,2025-02-28T09:46:22Z,2025-02-28T09:46:22Z
Ugxww0Xtlyte2Wh8BJ14AaABAg,,False,@유유유-e2c,리즈 사랑,1,2025-02-27T12:47:17Z,2025-02-27T12:47:17Z
Ugw9uaQU4J5JpKn0LHx4AaABAg,,False,@まきぐそあーたろ,リズマイク何処やったのwwwwww,0,2025-02-27T07:50:25Z,2025-02-27T07:50:25Z
UgxuBWD_YtA8oRpFtlN4AaABAg,,False,@まきぐそあーたろ,リズが好きすぎで最近ずっと見てるんだけどリズ見てると自分も金髪にしたくなる🤦‍♀️💖,10,2025-02-27T07:49:43Z,2025-02-27T07:49:43Z
Ugz0V8QyaipBYTbfbcx4AaABAg,,False,@川村莉愛來,"리즈사란해요💕
いつも可愛すぎる❤",1,2025-02-25T21:01:18Z,2025-02-25T21:01:18Z
Ugz0V8QyaipBYTbfbcx4AaABAg.AEz9MMnG1cnAEzgeqbRxN_,Ugz0V8QyaipBYTbfbcx4AaABAg,True,@サンバイザー重子-u7i,ㅇ,0,2025-02-26T02:01:04Z,2025-02-26T02:01:04Z
UgxoMLKW_c9LKGRNGap4AaABAg,,False,@kaulitxhermanos,Liz❤❤❤❤❤❤❤❤❤❤❤❤❤❤❤❤❤❤❤❤❤❤❤❤❤❤❤❤❤❤❤❤❤❤❤❤❤❤❤❤❤ que love you❤❤❤,0,2025-02-25T19:00:06Z,2025-02-25T19:00:06Z
UgzaQhJ3d6HVJIogfr94AaABAg,,False,@Changer_Lee,리즈시절~~,0,2025-02-25T14:07:18Z,2025-02-25T14:07:18Z
UgzRwhOj6tXD0byoHsJ4AaABAg,,False,@팝윤,리즈시절,0,2025-02-25T10:29:26Z,2025-02-25T10:29:26Z
Ugz4ZlPAzyEF6HZQqvJ4AaABAg,,False,@aepeygoysci,Liz so beautiful I love you 🌌,0,2025-02-24T23:38:22Z,2025-02-24T23:38:22Z
UgxlXZIpYDUxpVfSk5J4AaABAg,,False,@Dreamchenny,Liz❤❤❤❤❤❤❤,0,2025-02-24T17:54:10Z,2025-02-24T17:54:10Z
Ugwg5QiTKhtvE7uCdqR4AaABAg,,False,@豊田純一,外人さんみた〜いヾ(*´∀｀*)ﾉｷｬｯｷｬ,0,2025-02-23T07:13:10Z,2025-02-23T07:13:10Z
Ugwg5QiTKhtvE7uCdqR4AaABAg.AEsX-4iopMaAFDSBmsO_ew,Ugwg5QiTKhtvE7uCdqR4AaABAg,True,@lucedeglieldar,「外人さん」は差別用語なので、「外国人」でお願いします。,0,2025-03-03T19:34:30Z,2025-03-03T19:34:30Z
UgyqgBGim03sfvsR06B4AaABAg,,False,@にんたこ,かわよっ,0,2025-02-23T06:10:54Z,2025-02-23T06:10:54Z
UgxhmcdcDnKj24X-Phx4AaABAg,,False,@안지안-d3r,저가좋아하는아이브가리즈라원영이랑레이랑유진이랑가을이여요,0,2025-02-22T15:53:58Z,2025-02-22T15:53:58Z
Ugx7w0YkMQdvHwb0qx54AaABAg,,False,@낭만곰탱이-c9n,리즈 춤을 쫀득하게 강약조절도 잘하고 넘넘 잘한다❤,5,2025-02-22T15:03:14Z,2025-02-22T15:03:14Z
Ugx7w0YkMQdvHwb0qx54AaABAg.AEqn-Abi49LAEv71uQGN8h,Ugx7w0YkMQdvHwb0qx54AaABAg,True,@임은경-g2o,Llz❤❤❤❤❤❤❤❤❤❤🎉,0,2025-02-24T07:24:05Z,2025-02-24T07:24:05Z
Ugx7w0YkMQdvHwb0qx54AaABAg.AEqn-Abi49LAEv74l_L5KE,Ugx7w0YkMQdvHwb0qx54AaABAg,True,@임은경-g2o,리즈 너무  좋아❤,0,2025-02-24T07:24:28Z,2025-02-24T07:24:28Z
UgwQsLRPBvVVKEOuVvt4AaABAg,,False,@체다아아,와 자연미인!!,0,2025-02-22T11:37:58Z,2025-02-22T11:37:58Z
Ugy0Amwd1mktB0pdla14AaABAg,,False,@주쪽이,이젠 원영턴이아니고 아이브 턴 인가..❤,1,2025-02-22T08:41:19Z,2025-02-22T08:41:19Z
UgzOsEy_hofp2kyCS0h4AaABAg,,False,@초코0824,리즈 진짜 사랑스럽버❤,0,2025-02-22T03:24:50Z,2025-02-22T03:24:50Z
UgyFIpf1CJPl0fCQx0x4AaABAg,,False,@옐린바라기_옐라,아...역시...우리리즈❤❤,0,2025-02-22T02:58:46Z,2025-02-22T02:58:46Z
UgyZI3FfR5vkU6e52rx4AaABAg,,False,@R98zz,Liz is so pretty ❤❤❤this was was her era❤❤❤❤❤,4,2025-02-22T00:47:58Z,2025-02-22T00:47:58Z
UgwcryMP8wdyEdnSIRV4AaABAg,,False,@짜파게티-p2f,리즈❤ 노래잘해 춤잘춰 예뻐❤ 가수는 노랠잘해야지 얼굴믿고 가수인척하는 표장장인은 반성하자 ㅋㅋ,1,2025-02-21T16:30:57Z,2025-02-21T16:30:57Z
UgxeJaET_Nbd1_EJbXh4AaABAg,,False,@리링-c6z,깅리즈,0,2025-02-21T08:30:11Z,2025-02-21T08:30:11Z
UgxpzUmIE5u3C4GkLgR4AaABAg,,False,@N3matMestarihi,리즈 너 정말 아름다워 ❤❤,8,2025-02-20T19:42:43Z,2025-02-20T19:42:43Z
UgwvlieHlgNh1VKA3rV4AaABAg,,False,@감자젼이,그냥.. 감사합니다..,0,2025-02-20T14:15:25Z,2025-02-20T14:15:25Z
UgxIAwqVHDnV9T0gj1V4AaABAg,,False,@최영수-p4t,리즈가 젤루 이뻐❤❤,1,2025-02-20T05:46:17Z,2025-02-20T05:46:23Z
UgxE-w1poW1-aIdmDVp4AaABAg,,False,@Skzismineho,고음뭐냐고…❤,0,2025-02-20T01:08:18Z,2025-02-20T01:08:18Z
UgzY0yMHC-TWnGpM-AV4AaABAg,,False,@에브이선수촌,리즈가 말아주는 원영턴❤❤,0,2025-02-19T23:59:22Z,2025-02-19T23:59:22Z
UgwEuK6o1IlRRrVKcy54AaABAg,,False,@bayan.seoৎ,🐻‍❄️𐙚,0,2025-02-19T18:11:49Z,2025-02-19T18:11:49Z
UgyyiDf09V4MIyWxSUF4AaABAg,,False,@rinlo1445,Cute Liz,0,2025-02-19T15:47:38Z,2025-02-19T15:47:38Z
Ugys-uX34Uczl_pZUzF4AaABAg,,False,@LIZ_biglove1121,"リズ宇宙一可愛い🫶🏻
リズと出会えて本当に幸せ🥰",36,2025-02-18T16:46:44Z,2025-02-18T16:46:44Z
Ugx2p9CGWi2Y-B9DhUZ4AaABAg,,False,@paikscoffee,리즈같은 여친❤,0,2025-02-18T15:25:45Z,2025-02-18T15:25:45Z
UgwPkcp_tb4-yHxtCVx4AaABAg,,False,@egg-v8s,리즈야 더 예뻐지지마 너무예쁘면 눈 파괴도~~♡♡,0,2025-02-18T15:18:28Z,2025-02-18T15:18:28Z
UgzGszP82P5Bxs0SGmZ4AaABAg,,False,@rayversen,Beautiful in and out,0,2025-02-18T14:28:23Z,2025-02-18T14:28:23Z
UgxfN1lzNx6VOwyANbt4AaABAg,,False,@지독한얼빠-x5j,와 진짜 존나 예쁘다,0,2025-02-18T13:38:54Z,2025-02-18T13:38:54Z
UgxaQoaMSQCJcSprD_R4AaABAg,,False,@leeseolove123,리즈의 리즈는 always,0,2025-02-18T11:46:38Z,2025-02-18T11:46:38Z
Ugxt-JhDbvhGz5CWsOd4AaABAg,,False,@DanielDaniel-df5cx,QQQQWWERRTTYYUIOOOPPPPPASSDFGJĶLZZZXXCVVMMMMM❤❤❤❤❤❤❤❤❤,0,2025-02-17T21:36:45Z,2025-02-17T21:36:45Z
UgwEdsNnCMT0wzu_UWV4AaABAg,,False,@dhkliving1997,리즈는 보조개가 개이쁨,0,2025-02-17T16:01:21Z,2025-02-17T16:01:21Z
UgwPHzN63PKqyoU3PN14AaABAg,,False,@assafunny,의상 존예네 진짜. 너무 잘 어울림...,0,2025-02-17T13:08:56Z,2025-02-17T13:08:56Z
UgyvjjwGDHjQJwVlv8x4AaABAg,,False,@TV-qe8tm,"와 이렇게 이목구비가 뚜렷하다닝,,❤❤❤ 리즈 지차 예뻐❤❤❤",0,2025-02-17T11:01:06Z,2025-02-17T11:01:06Z
UgwdxrfuDKzcJt77yxB4AaABAg,,False,@MikeLan-TW,I love Liz,1,2025-02-17T08:10:28Z,2025-02-17T08:10:28Z
Ugx0YHv8FIstXPoNGot4AaABAg,,False,@smile-again,*리즈 홧팅~^^*,2,2025-02-17T08:00:19Z,2025-02-17T08:00:19Z
Ugy3_V2rO-5-8QqX_BZ4AaABAg,,False,@Crisp-04,이번 리즈는 진짜..❤,0,2025-02-17T06:10:38Z,2025-02-17T06:10:38Z
UgyKQ3B6OcSi6BrjLKp4AaABAg,,False,@soda-i6k,結婚してほしい可愛すぎる,0,2025-02-17T05:19:29Z,2025-02-17T05:19:29Z
UgwtuDw1zgFadps-rsB4AaABAg,,False,@rosegare,Ok a ellaa si les quedan bien los calcetines de ditintos colores o diseños,0,2025-02-17T01:22:32Z,2025-02-17T01:22:32Z
UgzrpBu1wN4-K325woh4AaABAg,,False,@soulbank2849,Vocal más belleza ❤,1,2025-02-17T00:44:20Z,2025-02-17T00:44:20Z
Ugy9hEt9HN26PaI1FeV4AaABAg,,False,@sapphicsomnia,queen of everything ever 👑🩷,1,2025-02-16T22:47:24Z,2025-02-16T22:47:24Z
UgynauIofp2nmbv3V714AaABAg,,False,@shrishtigusain5490,LIZ OWNS ATTITUDE ERA !!,1,2025-02-16T18:13:13Z,2025-02-16T18:13:13Z
UgxxytffloxojnbSsg94AaABAg,,False,@yunarum,리즈는 걍 리즈다ㅏㅏ 진짜 리즈 점점 더 이뻐지는거는 몬데..❤❤,0,2025-02-16T10:33:20Z,2025-02-16T10:33:20Z
Ugyp6g1RKkPfRGcDmGN4AaABAg,,False,@고구마니오노,데뷔때 부터 리즈 최애였는데 진짜 완벽함 아니 갓벽함 진짜 세상에 빛그자체 내 입장에서 리즈한테 ‘루시-아니근데 진짜’불러주고 싶음,0,2025-02-16T09:49:12Z,2025-02-16T09:49:12Z
UgzACEmIIz6O2-S8QGJ4AaABAg,,False,@유잇-ive,리즈.... 왜케 이뻐??? 시간이 지날수록 리즈는 더 이쁘다니까❤❤❤❤❤리즈야 너무이뿌구 기여워❤,2,2025-02-16T09:44:36Z,2025-02-16T09:44:36Z
UgwJuevCK_M2BesHskl4AaABAg,,False,@헬로키티-hkt,리즈 끼 부리는거 진짜 세상사람 다 홀려가..,4,2025-02-16T07:44:29Z,2025-02-16T07:44:29Z
Ugww629wYJrUbMWLVe54AaABAg,,False,@설녬이,저 주거요오…끄억,1,2025-02-16T05:21:01Z,2025-02-16T05:21:01Z
UgyTKGCryQP-Gvry-Qh4AaABAg,,False,@초코초코-x1i,리즈 여신이쟈냐! 다 질행🐱,0,2025-02-16T04:42:24Z,2025-02-16T04:42:24Z
UgwJj8_wTIspa6DPdZl4AaABAg,,False,@베릱콩,아 리즈야 나 진짜 주거ㅓ 왜 그렇게 이쁘니 와 나 진짜 심쿵사 할 거 같음😻,0,2025-02-16T02:05:49Z,2025-02-16T02:05:49Z
UgytQkLmcCQh_UdALz14AaABAg,,False,@N_k1121,리즈 요즘에 왜케 이뻐ㅜㅜㅜ(원래도 이뻤지만)❤️❤️,7,2025-02-16T01:38:58Z,2025-02-16T01:38:58Z
Ugx-yyCjAUKHozxJrfF4AaABAg,,False,@이승룡-j5k,리즈 진짜 예쁘당..❤❤❤,0,2025-02-16T01:36:34Z,2025-02-16T01:36:34Z
Ugxgb02AflZL1bN8RVt4AaABAg,,False,@이슈-d9w,리즈 마지막에 오리입 너무 귀여워 🤍💕,0,2025-02-16T01:09:37Z,2025-02-16T01:09:37Z
Ugzkmttn7ncZJdYSI4d4AaABAg,,False,@HyoJinKim-l2u,리즈 짱!,5,2025-02-16T00:27:29Z,2025-02-19T00:30:16Z
Ugx0qU4RaHy3yBRoXaV4AaABAg,,False,@abeno666,"以前より相当痩せて綺麗になったね✨💘💖
スタイルが最高です❣️",1,2025-02-15T21:27:31Z,2025-02-27T23:35:37Z
UgxrfTpaKPyPnkIUi1p4AaABAg,,False,@steelmember6326,liz 😍,1,2025-02-15T19:10:10Z,2025-02-15T19:10:10Z
UgxJkpgS6odEXSaOsaB4AaABAg,,False,@jayk4985,Hi Liz身材窈窕好看🌹,0,2025-02-15T16:08:40Z,2025-02-15T16:08:40Z
UgwnwwZxubZx7JsF46x4AaABAg,,False,@니루-y9c,와 리즈 미모 미쳤다 사람이 이렇게 예쁘다니,4,2025-02-15T15:27:35Z,2025-02-15T15:27:35Z
UgzxZc27tjWYnRp-v7d4AaABAg,,False,@紫音-b1i,💖💖リズちゃんはホント金髪が似合うよね可愛いですねIVEの中で一番好きです💖💖🥰,9,2025-02-15T14:52:40Z,2025-02-15T14:52:40Z
Ugy0iU3uNxk6RUcu5TJ4AaABAg,,False,@hye.xy1,"이름이 리즈인 이유가있넹,,,💗",1,2025-02-15T14:44:05Z,2025-02-15T14:44:05Z
Ugyzs7ntmdwQsdMibZF4AaABAg,,False,@햄서입니둥,"아니,,와,,진차 이쁘다아ㅏ..❤",2,2025-02-15T14:06:16Z,2025-02-15T14:06:16Z
Ugx8HoR5C9eyNT2mj_h4AaABAg,,False,@aliabdurr,Liz you are so pretty ❤❤❤❤ i love you Liz 😊☺️😚🥰😘😊☺️😚🥰😘😊😍🫶🏻,1,2025-02-15T13:39:21Z,2025-02-15T13:39:21Z
UgzWCYmHhjrrJlr-2U54AaABAg,,False,@imanimchamgm373,"待て待て、ダンスうまいな！
余裕のある動き👏うつくしい〜",0,2025-02-15T12:57:41Z,2025-02-15T12:57:41Z
UgwEjRPzGEzDyGekPEp4AaABAg,,False,@wonyoungu,Обожаю от6 они все крутые!❤❤особенная эта песня.,0,2025-02-15T12:37:04Z,2025-02-15T12:37:04Z
UgwItSkC9viCDe0Oq894AaABAg,,False,@김리즈-x2v,"저리즈 최의 대
감사합니다 !!",0,2025-02-15T12:34:10Z,2025-02-15T12:34:10Z
Ugxl-WzHchdFCFGjX9Z4AaABAg,,False,@jaejunlee5597,아빠폰,0,2025-02-15T09:53:57Z,2025-02-15T09:53:57Z
UgxvwHe0AGzJrALC04l4AaABAg,,False,@jaejunlee5597,❤,0,2025-02-15T09:53:48Z,2025-02-15T09:53:48Z
UgzFl2CHFegdlp84TJ94AaABAg,,False,@MrRaccoon92,She actually getting more and more prettier,108,2025-02-15T08:53:14Z,2025-02-15T08:53:14Z
UgzFl2CHFegdlp84TJ94AaABAg.AEZ652Qs0L7AEqE6DEcEgt,UgzFl2CHFegdlp84TJ94AaABAg,True,@george52797,weight loss Ig,3,2025-02-22T09:49:38Z,2025-02-22T09:49:38Z
UgzFl2CHFegdlp84TJ94AaABAg.AEZ652Qs0L7AFIh6qhPl8K,UgzFl2CHFegdlp84TJ94AaABAg,True,@klam5169,@@george52797bro ig? But I feel like she’s wasn’t even that “fat” if u can call it that..,0,2025-03-05T20:29:50Z,2025-03-05T20:29:50Z
UgzFl2CHFegdlp84TJ94AaABAg.AEZ652Qs0L7AFOsEwb8jJe,UgzFl2CHFegdlp84TJ94AaABAg,True,@SonderAb_Jinji,"Fr i noticed that, the glow up goes hard",1,2025-03-08T06:02:30Z,2025-03-08T06:02:30Z
UgzFl2CHFegdlp84TJ94AaABAg.AEZ652Qs0L7AFm9Cf3tqRV,UgzFl2CHFegdlp84TJ94AaABAg,True,@Gadoorah,She was always pretty,1,2025-03-17T16:21:15Z,2025-03-17T16:21:15Z
UgzFl2CHFegdlp84TJ94AaABAg.AEZ652Qs0L7AFo6QP8qRmb,UgzFl2CHFegdlp84TJ94AaABAg,True,@SonderAb_Jinji,"@Gadoorah  ""more and more""",0,2025-03-18T10:35:24Z,2025-03-18T10:35:24Z
UgzltCl5STYZGADmoCB4AaABAg,,False,@박경숙-d6f,리즈너뭉어뻐다,0,2025-02-15T07:32:03Z,2025-02-15T07:32:03Z
UgzgnNbfQO5g_yvxj254AaABAg,,False,@mint_candy_5-10,😸,0,2025-02-15T04:47:24Z,2025-02-15T04:47:24Z
UgwtDwod3sVyGgGKthd4AaABAg,,False,@Jiwoo0531,냥이 리즈🐱,1,2025-02-15T04:22:43Z,2025-02-15T04:22:43Z
UgxX_sLQrljo6aj7UGZ4AaABAg,,False,@설링인뎁,리즈 넘 예뻐🩷🩷💗🐱,0,2025-02-15T04:12:38Z,2025-02-15T04:12:38Z
Ugw3O9DL-zaO6-gOVdB4AaABAg,,False,@잇프유키,치즈냥이 징차 점점 넘 예뻐진당❤❤❤❤❤❤,3,2025-02-15T02:01:43Z,2025-02-15T02:01:43Z
UgwjoaxoPU8-mD9mqZt4AaABAg,,False,@TV-qx7xb,"리즈 넘이쁘다
가을이랑 리즈 너무이뻐졌오!!!!",0,2025-02-15T01:14:50Z,2025-02-15T01:14:50Z
UgwOkFRuZLZD_exAJkx4AaABAg,,False,@이소율-p1d,리즈야 내가 너최애당❤,0,2025-02-15T01:09:15Z,2025-02-15T01:09:15Z
UgyhhG4uxdBVzWqKd814AaABAg,,False,@mocc.Budvee,I Love Liz❤❤❤❤,0,2025-02-14T23:23:42Z,2025-02-14T23:23:42Z
UgyTnvecSAyQOZbFLN14AaABAg,,False,@뉴뉴의일기,리즈가 리즈했넘❤,0,2025-02-14T23:03:17Z,2025-02-14T23:03:17Z
UgyIj_37CV_6maUmI4F4AaABAg,,False,@경섭이사랑해요,리즈닝ㅅ,0,2025-02-14T19:01:32Z,2025-02-14T19:01:32Z
UgxNmEi1g7uoWSAsdvJ4AaABAg,,False,@1998officialstay,YOU ARE ALL DISGUSTING,0,2025-02-14T18:31:12Z,2025-02-14T18:31:12Z
UgwNEVle6BiTZ6_Abzx4AaABAg,,False,@1998officialstay,I HATE YOU ALL IVE GROUP,0,2025-02-14T18:28:27Z,2025-02-14T18:28:27Z
Ugxfz_f5M2Yv1Yae4cV4AaABAg,,False,@다슬-y6z,리즈 ㄹㅇ리즈다,4,2025-02-14T17:41:17Z,2025-02-14T17:41:17Z
UgwFTNSTOBa5WhQnjeV4AaABAg,,False,@ozercayr9341,❤❤❤❤❤❤❤ Hello ❤❤❤❤❤❤❤ Beatiful ❤❤❤❤❤❤ Sweetie ❤❤❤❤❤❤ Atiful ❤❤❤❤❤❤❤ Girl ❤❤❤❤❤❤❤ Lips ❤❤❤❤❤❤❤ Wonderful ❤❤❤❤❤❤❤ Good ❤❤❤❤❤❤❤❤ Goodyear ❤❤❤❤❤❤❤ I❤❤❤❤❤❤❤❤❤❤ Love ❤❤❤❤❤❤❤❤❤ You❤❤❤,0,2025-02-14T17:40:35Z,2025-02-14T17:40:35Z
UgygUxniRb8nab0my854AaABAg,,False,@NotYourMadde,❤❤❤,0,2025-02-14T16:12:06Z,2025-02-14T16:12:06Z
Ugy_B4vXlXbnoXxei4p4AaABAg,,False,@초딩-q7q,노래 짱 잘부르는 리즈❤❤앞으로 파이팅❤❤❤,2,2025-02-14T15:59:26Z,2025-02-14T15:59:26Z
UgxygHTxokBNz_k_lPh4AaABAg,,False,@galoalim7725,리즈 이번 활동 너무 예쁘다 예전에도 예뻤지만❤ 진짜 젤 예쁜것 같아,4,2025-02-14T15:23:51Z,2025-02-14T15:23:51Z
UgxygHTxokBNz_k_lPh4AaABAg.AEXE-BYkEJGAEXHcO0mZzf,UgxygHTxokBNz_k_lPh4AaABAg,True,@Brianna.xo15,liz is not in this video?,0,2025-02-14T15:55:34Z,2025-02-14T15:55:34Z
Ugzx6cJteati7TwKPlt4AaABAg,,False,@ng5504,Good ❤,0,2025-02-14T14:47:53Z,2025-02-14T14:47:53Z
UgybxImzCo_Kk_JkFbR4AaABAg,,False,@Haeinash,ㅋㅋㅋㅋㅋㅋ폭주기니 너무 커엽,0,2025-02-14T14:41:05Z,2025-02-14T14:41:05Z
UgzEU_9fNyA7IRQZC9l4AaABAg,,False,@건방진크림쒸,리즈 다리가..이제 원영이보다도 마른 거 같앵..,0,2025-02-14T14:17:40Z,2025-02-14T14:17:40Z
Ugy7Oz5_1F7EECO8Pep4AaABAg,,False,@뽀짝한_지밍,오늘부터 국어사전에 예쁘다의 뜻은 리즈야,0,2025-02-14T14:13:48Z,2025-02-14T14:13:48Z
UgxD9Qlu0asIHGOsSAF4AaABAg,,False,@밤톨바라기다찌,리즈 사랑해 🥰💓,0,2025-02-14T13:53:22Z,2025-02-14T13:53:22Z
UgzSTWlWTYrgX92ZzTZ4AaABAg,,False,@あーこ-d3m,"ずっと綺麗なハイトーンヘアをキープしているリズの頭皮が心配😢
ウィッグなどにしてあげて欲しい",0,2025-02-14T13:24:16Z,2025-02-14T13:24:16Z
UgyIEOe7Ylf1z5vhiQx4AaABAg,,False,@뽀야닝,리즈 여신❤,1,2025-02-14T13:08:10Z,2025-02-14T13:08:10Z
UgyG1ssVn7QCXWuEavl4AaABAg,,False,@andrewlawson4901,Absolute perfection,0,2025-02-14T13:05:20Z,2025-02-14T13:05:20Z
Ugy5EJ0Syabjw2-q2lR4AaABAg,,False,@포녕이-w6n,리즈야…..너 너무 예쁜거 아냐????더 좋아지게!!!!!❤❤❤❤,0,2025-02-14T13:04:03Z,2025-02-14T13:04:03Z
UgxhvHgwZGb8CqTRvrd4AaABAg,,False,@멜로디인데요,"리즈 기요미.......  

















가 아니라 그냥 여왕❤",0,2025-02-14T12:42:05Z,2025-02-14T12:42:05Z
UgzmkqGXvqgtnHxKfgF4AaABAg,,False,@레이_업고_튀어-lat,리즈 진짜 고양이다 그리고 진짜 미모 무슨일??,1,2025-02-14T11:57:19Z,2025-02-14T11:57:19Z
UgwluUTPEBPQN4IFBcp4AaABAg,,False,@許東陽-p7x,Dreamy and romantic LiZ💗💗💗,0,2025-02-14T11:53:13Z,2025-02-14T11:53:13Z
UgyHW5cn6_GssPSPTqd4AaABAg,,False,@sharkman009,독일이 낳은 최고의 KPOP 아이돌. 리즈.,0,2025-02-14T11:52:50Z,2025-02-14T11:52:50Z
UgyFoK6Ev2M8_jcdJP94AaABAg,,False,@김맂으,리즈 치즈냥이 미쳤다❤❤,0,2025-02-14T11:47:22Z,2025-02-14T11:47:22Z
UgwThFPXByB720QJ4AF4AaABAg,,False,@Lynchannel-m7m,Im that girll❤,0,2025-02-14T11:32:16Z,2025-02-14T11:32:16Z
UgytbSQYdbOc58WwQxF4AaABAg,,False,@김미영-y9w,😊❤❤❤,0,2025-02-14T11:27:58Z,2025-02-14T11:27:58Z
UgwlrZjI8OlLlrIqBQd4AaABAg,,False,@謝福成-i8b,我美麗的麗滋😙😙,0,2025-02-14T11:20:05Z,2025-02-14T11:20:05Z
Ugxv9_P7a3NMZWqJE894AaABAg,,False,@싱싱한바부_11,리즈는 걍 여신이야...🫢🫢💗💗,1,2025-02-14T10:48:59Z,2025-02-14T10:48:59Z
UgzawmwFtSZuu1AdxSN4AaABAg,,False,@싱싱한바부_11,허...리즈...음색여신..아니라 걍 여신..,0,2025-02-14T10:48:33Z,2025-02-14T10:48:33Z
Ugweyaohe_KkRyAxY594AaABAg,,False,@J.x0y,리즈 끼 부리는 파트 모음 나왔으면...ㅋ,1,2025-02-14T10:46:33Z,2025-02-14T10:46:33Z
UgyhjKYekCho2OcQj5F4AaABAg,,False,@맂푸건들면물어요,리즈얌 사랑해❤,0,2025-02-14T10:22:35Z,2025-02-14T10:22:35Z
Ugx3apj4Xdf-oVdil_F4AaABAg,,False,@김남규-t7l,이번 애티튜드 활동때문에 리즈 팬 됐습니다ㅋㅋㅋ,88,2025-02-14T10:13:32Z,2025-02-15T02:01:34Z
Ugyr53Te9G2tJykp-z54AaABAg,,False,@구미띠,리즈는 처음부터 끝까지 공쥬냥이다❤❤,0,2025-02-14T10:03:18Z,2025-02-14T10:03:18Z
UgxwZR32L3jcsvBVhwd4AaABAg,,False,@김나영-z3l,리즈❤ 미모 노래 춤 다완벽해 레전드 리얼 엘프공쥬 리즈 ❤순수해 보이고 사랑스럽다,0,2025-02-14T09:37:41Z,2025-02-14T09:37:41Z
Ugz9H9Gy3Tzgyzbaz_14AaABAg,,False,@TV-cs5yo,리즈 너무 이쁘다❤,0,2025-02-14T08:42:51Z,2025-02-14T08:42:51Z
UgyQX6S2F8Xqi0b42jd4AaABAg,,False,@김미순-k5k5z,리즈 엄청 날씬해지고 예뻐!! 아이브 보컬짱 리즈!!!~~❤🎉❤ 원영이랑 함께 넘 사랑해용!!!❤❤❤🎉🎉,2,2025-02-14T08:14:52Z,2025-02-14T08:14:52Z
UgzYoVwcXhXe71BKaot4AaABAg,,False,@yena_ss,"Эта песня действительно вдохновленна Вонён, даже это движение бедрами, это ведь то завирусившееся видео со сцены танца Вонен! 
Айв очаровашки, люблю их, лучшая жг❤",2,2025-02-14T08:06:54Z,2025-02-14T08:06:54Z
Ugziyxk3-tSCijwUoHN4AaABAg,,False,@knori4154,なんだ女神か…❤,0,2025-02-14T08:04:48Z,2025-02-14T08:04:48Z
UgzGcF-dvf5tkaIKpVB4AaABAg,,False,@AOSB-i3p,Liz so charming ❤,0,2025-02-14T06:58:14Z,2025-02-14T06:58:14Z
UgzUyfnda6GmdXbyXUJ4AaABAg,,False,@방승훈-x1x,춤선 뭐야ㄷㄷ 집에서 열심히 원영턴 연습하던 난 뭐가 되는거여,0,2025-02-14T06:41:10Z,2025-02-14T06:41:10Z
UgxAZQUIIan5BekInix4AaABAg,,False,@꾸래핑-y3f,❤,0,2025-02-14T06:34:23Z,2025-02-14T06:34:23Z
UgwvZcFVsUGC5XzG1_V4AaABAg,,False,@채채리-y4o,아 귀여웡❤❤❤❤❤,0,2025-02-14T06:15:17Z,2025-02-14T06:15:17Z
UgxeSCbnsUpVqULU1Cp4AaABAg,,False,@머야-k4g,리즈 그냥 생머리가 젤이쁨 웨이브넣지마 요대로가 젤이쁨,0,2025-02-14T05:17:33Z,2025-02-14T05:17:33Z
UgykC0S4vWFU5M3e6Mx4AaABAg,,False,@evade_엘리,지금 좋아요 수 2.7만,0,2025-02-14T04:39:35Z,2025-02-14T04:39:35Z
UgxsJx8Y9Te54GFZIeF4AaABAg,,False,@inga.feuilleei,the best 💖,0,2025-02-14T04:15:45Z,2025-02-14T04:15:45Z
UgyqtNH2Xxe2Aoh8Vyx4AaABAg,,False,@user-yg3uj5kn7m,"♥리즈♥
깡마르지 않아 보기 좋은 미인.",0,2025-02-14T04:11:17Z,2025-02-14T04:11:17Z
UgyqtNH2Xxe2Aoh8Vyx4AaABAg.AEW116rfs3NAEWIJHZ4yvL,UgyqtNH2Xxe2Aoh8Vyx4AaABAg,True,@handsomeBergvallNO.15,지금은 장원영급으로 말라졌는데?,0,2025-02-14T06:42:19Z,2025-02-14T06:42:19Z
Ugwdzo8wQ0PFQrvO1hh4AaABAg,,False,@계란이입니당,역시…프로는머리카락이얼굴에와도신경1도안씀….❤,0,2025-02-14T04:01:24Z,2025-02-14T04:01:35Z
UgywYG8X-W51G7aixDd4AaABAg,,False,@nishitripathi2319,👌❤️❤️❤️❤️❤️❤️❤️🌹🇮🇳🙏,0,2025-02-14T02:58:42Z,2025-02-14T02:58:42Z
UgxaPdWF_wDjFDZ8Ead4AaABAg,,False,@릿뽀언냐,리즈 금발 평생해줘💗 너무 이쁘다☺,1,2025-02-14T02:44:07Z,2025-02-14T02:44:07Z
Ugx8LRa6wEjAb-pyrpZ4AaABAg,,False,@쁘이-1113,금발리즈짱이예여❤,1,2025-02-14T01:33:42Z,2025-02-14T01:33:42Z
UgzfvyrD2uChlPzD8Yx4AaABAg,,False,@mjp5232,진심 겁나 예쁘다🥹,0,2025-02-14T01:28:40Z,2025-02-14T01:28:40Z
UgzGvs2DgT5EWhY-brt4AaABAg,,False,@다이브.민냥-h9u3n,"리즈 언니 진짜 진짜 사랑해요
항상 응원할게욥!!!!!
♥️♥️♥️♥️♥️♥️♥️♥️♥️♥️♥️♥️♥️♥️♥️♥️♥️♥️♥️♥️♥️♥️♥️♥️♥️♥️♥️♥️♥️♥️♥️♥️❤️❤️❤️❤️❤️❤️❤️❤️❤️❤️❤️❤️❤️❤️❤️❤️❤️❤️❤️❤️❤️❤️❤️❤️❤️❤️❤️❤️❤️❤️❤️❤️🧡🧡🧡🧡🧡🧡🧡🧡🧡🧡🧡🧡🧡🧡🧡🧡🧡🧡🧡🧡🧡🧡🧡🧡🧡🧡🧡🧡🧡🧡🧡🧡💛💛💛💛💛💛💛💛💛💛💛💛💛💛💛💛💛💛💛💛💛💛💛💛💛💛💛💛💛💛💛💛💚💚💚💚💚💚💚💚💚💚💚💚💚💚💚💚💚💚💚💚💚💚💚💚💚💚💚💚💚💚💚💚💙💙💙💙💙💙💙💙💙💙💙💙💙💙💙💙💙💙💙💙💙💙💙💙💙💙💙💙💙💙💙💙💜💜💜💜💜💜💜💜💜💜💜💜💜💜💜💜💜💜💜💜💜💜💜💜💜💜💜💜💜💜💜💜💟💟💟💟💟💟💟💟💟💟💟💟💟💟💟💟💟💟💟💟💟💟💟💟💟💟💟💟💟💟💟💟💘💘💘💘💘💘💘💘💘💘💘💘💘💘💘💘💘💘💘💘💘💘💘💘💘💘💘💘💘💘💘💘💗💗💗💗💗💗💗💗💗💗💗💗💗💗💗💗💗💗💗💗💗💗💗💗💗💗💗💗💗💗💗💗💕💕💕💕💕💕💕💕💕💕💕💕💕💕💕💕💕💕💕💕💕💕💕💕💕💕💕💕💕💕💕💕💓💓💓💓💓💓💓💓💓💓💓💓💓💓💓💓💓💓💓💓💓💓💓💓💓💓💓💓💓💓💓💓💞💞💞💞💞💞💞💞💞💞💞💞💞💞💞💞💞💞💞💞💞💞💞💞💞💞💞💞💞💞💞💞💖💖💖💖💖💖💖💖💖💖💖💖💖💖💖💖💖💖💖💖💖💖💖💖💖💖💖💖💖💖💖💖🤍🤍🤍🤍🤍🤍🤍🤍🤍🤍🤍🤍🤍🤍🤍🤍🤍🤍🤍🤍🤍🤍🤍🤍🤍🤍🤍🤍🤍🤍🤍🤍",2,2025-02-14T01:23:27Z,2025-02-14T01:23:56Z
UgxeIdAtFYZanpTe-ht4AaABAg,,False,@정해영-j4v,리즈언니너무  예뻐,0,2025-02-14T00:27:39Z,2025-02-14T00:27:39Z
Ugw6DzkU9npYgtudlmJ4AaABAg,,False,@jeul-yeong,리즈 외모 진찌 ㄹㅈㄷ다 처음이랑 바뀐게 없는거 보면 ㄹㅇ 자욘미인인듯 리즈 사랑해❤❤❤❤,6,2025-02-14T00:18:21Z,2025-02-14T00:18:21Z
UgxPpl5fYQAhrs1NkFV4AaABAg,,False,@이정원-q8i,말로만 듣던 원영 턴!!!❤❤❤❤❤❤,1,2025-02-14T00:04:45Z,2025-02-14T00:04:45Z
Ugz16f9QqzfrC7dBmy14AaABAg,,False,@칸쵸마시써,"리즈랑 이 배경이랑 너무 잘어울린당,,,❤",2,2025-02-13T23:47:32Z,2025-02-13T23:47:32Z
UgySBoKNE4cg2W20azx4AaABAg,,False,@AliceMartis-g9m,Liz is so pretty,7,2025-02-13T23:31:37Z,2025-02-13T23:31:37Z
Ugw2g2s1nJn8a8rfsRR4AaABAg,,False,@imDk125,that skirt is horrible looks like a towel,0,2025-02-13T23:20:37Z,2025-02-13T23:20:37Z
UgwHdC6L1luQFTFv1T54AaABAg,,False,@bwingbwinggwiyomi,"Love Liz's stable vocals all this time, she's doing so well. Her dancing skills improved too. She really stands out nicely with blonde her as it makes her shine differently ❤ and as always a beautiful cute smile.",49,2025-02-13T23:02:38Z,2025-02-13T23:02:38Z
UgyX7WJz_by4d3jA6FZ4AaABAg,,False,@melvinmartinez-m6j,❤❤❤❤❤,0,2025-02-13T22:52:45Z,2025-02-13T22:52:45Z
UgxAXv6Edu_U7ZmQ-j14AaABAg,,False,@hermawanwawan7012,"Annyeong""IVE""!!!...Annyeong""miss.beauty and ""Cute Poni""!!!...Annyeong""my💙💙💙💙💙💙 Sisters""!!!...and...Annyeong""my beauty Sisters and ""Cute Nuna""(Special)""!!!...""Nae yeodongsaeng-eun nal-i galsulog Deo yeppeojigo gwiyeowojigo iss-eo(""Super Sweet""...and...""Super Beautiful"">>>""Silverqueen Chocolate""...""Camelia Flower"" in ""Jeju island"">>>🦸🦸🦸🥯🥯🥯🍩🍩🍩🦸🦸🦸✨✨✨🌻🌻🌻🌺🌺🌺🏵️🏵️🏵️)""...""Eonnineun nanal-i chum-eul jal chugo iss-eoyo(""day by day"">>>""Dance coreography, and ""Soft hands dance+Smile""...""Good job...2x"">>>👌👌👌👍👍👍💖💖💖💙💙💙💯💯💯💯💯💯😺😺😺🙀🙀🙀😻😻😻)""...""naneun i sesang mueosboda Nae yeodongsaeng-eul salanghabnida""...Always Smile and i~ting!!!...🧏🧏🧏👌👌👌👍👍👍✨✨✨☘️☘️☘️🌻🌻🌻🌺🌺🌺🏵️🏵️🏵️🌈🌈🌈🌄🌄🌄🏞️🏞️🏞️💯💯💯🔥🔥🔥💙💙💙💙💙💙💝💝💝💝💝💝🆘🆘🆘🦸🦸🦸🦸🦸🦸🅾️®️🌠🌠🌠🌠🌠🌠🪐🌕🌖🌗🌓🌔🌍🌍〰️〰️〰️🌍🌍🌍👭👭👭🤝🤝🤝💪💪💪👀👀👀🛐🛐🛐⛪⛪⛪🍉🍉🍉🍇🍇🍇🍓🍓🍓🍞☕🍱🍢🌮🧃🧃🧃🧘🛌🏃🏃🏃🚴🚴🚴💐💐💐💙💙💙🌼🌼🌼🌟🌟🌟🌟🌟🌟👸👸👸👸👸👸🙏🇮🇩",0,2025-02-13T21:23:52Z,2025-02-13T21:23:52Z
UgxrlskohnAY8pzNDG54AaABAg,,False,@김수현-l6i6e,리즈 살빼고 계속 리즈 갱신중이네 근데 개인적으로 살쪘을때도 되게 귀여웠는데,0,2025-02-13T20:23:37Z,2025-02-13T20:23:37Z
UgxKxjumOgSDIOz0HbB4AaABAg,,False,@andalone,2D스럽게 완벽하네 리즈야,0,2025-02-13T20:22:04Z,2025-02-13T20:22:04Z
Ugx6bgnHvIl7TQsQJ294AaABAg,,False,@chrissiles28,Liz and her súper sexy lipstick 💄❤,1,2025-02-13T20:17:55Z,2025-02-13T20:17:55Z
UgzhdCLVWz3rtmnQSA54AaABAg,,False,@radekhawking8522,So beautiful 😮,0,2025-02-13T19:48:46Z,2025-02-13T19:48:46Z
Ugyxa4AasPbQBoFIdDt4AaABAg,,False,@bokokoor,She is looking more and more like Wongyoung 😂,0,2025-02-13T19:37:22Z,2025-02-13T19:37:22Z
Ugw_QKpBcIDnsYNIChZ4AaABAg,,False,@__LALISA__WORLDWIDENUMBERONE,Liz is really gorgeous with a beautiful visual,3,2025-02-13T19:30:07Z,2025-02-13T19:30:07Z
Ugxp03y6x_bN20puFGB4AaABAg,,False,@YoungLiz2757,The visuals our vocal queen shines again❤️❤️❤️❤️,8,2025-02-13T19:26:43Z,2025-02-13T19:26:43Z
UgwLLicWWstYcYnFXbx4AaABAg,,False,@cho_donut,❤❤❤❤❤❤,0,2025-02-13T19:03:29Z,2025-02-13T19:03:29Z
Ugzy2lLo7cCFWIc-6e54AaABAg,,False,@로블록스잼미니의불꽃,373빠!!리즈언니 사랑해!!!❤,1,2025-02-13T18:55:01Z,2025-02-13T18:55:01Z
Ugwn75duQVDFsdooo-14AaABAg,,False,@diddychen9071,Best Liz!!!,0,2025-02-13T18:45:29Z,2025-02-13T18:45:29Z
Ugx5Mu0h12A_ZnjvgKl4AaABAg,,False,@dannypothof2126,12 h agoo!!!,0,2025-02-13T18:41:25Z,2025-02-13T18:41:25Z
UgwigUYBJpJddCHRZtl4AaABAg,,False,@alkon8032,My Dress Up Darling Liz,0,2025-02-13T18:16:31Z,2025-02-13T18:16:31Z
UgwR5WTedTxs58WXINh4AaABAg,,False,@Viníciusago15,Toyeium raeqonl lryebogo dormir Liz 🩵😍,0,2025-02-13T17:47:36Z,2025-02-13T17:47:36Z
Ugw-MyxD66Risp2K63J4AaABAg,,False,@jasonzw6754,Wowww,0,2025-02-13T17:26:13Z,2025-02-13T17:26:13Z
UgwTt9_TqFTF9CYuEqp4AaABAg,,False,@avalonarkka5938,Liz is so pretty in every Attitude live stage OMG how did you guys do it?,0,2025-02-13T17:05:51Z,2025-02-13T17:05:51Z
Ugy9IKIIkmrBiicM3q54AaABAg,,False,@Best_Output_In_JejuIsland,아이브GOATㅋㅋ,0,2025-02-13T17:01:44Z,2025-02-13T17:01:44Z
UgyOniZa78CvVPK79M54AaABAg,,False,@Kazumi22-22,this made me smile so much !! love you my bias Liz !! 💗,6,2025-02-13T17:01:36Z,2025-02-13T17:01:36Z
UgzEnVUpNVsoTyo6P3t4AaABAg,,False,@julevyon,I love you our main vocaLIZ who slays in dancing too <3,2,2025-02-13T16:29:14Z,2025-02-13T16:29:14Z
Ugw3la0Nj8uJ0K2T2k94AaABAg,,False,@sproject6962,Visual shock!!!!!,0,2025-02-13T16:19:49Z,2025-02-13T16:19:49Z
UgzWD--TbhYacrXplrB4AaABAg,,False,@Hira-bestjisoo,I freeze with my Liz-san❤❤❤🥶🥶🥶🥶,0,2025-02-13T16:13:13Z,2025-02-13T16:13:13Z
UgyeYf5OQGeUC3cc4Jx4AaABAg,,False,@notpinterest.worthyy,Liz looks so fresh 💗,1,2025-02-13T15:54:24Z,2025-02-13T15:54:24Z
Ugw2DvqeFur888294gB4AaABAg,,False,@Leopard_Mint,"독일 김가 지원이, 매번 리즈임",0,2025-02-13T15:52:18Z,2025-02-13T15:52:18Z
UgzCPSof9WXiuLupTft4AaABAg,,False,@andyle5716,Liznyang-i neomu yeppeuda.,0,2025-02-13T15:30:37Z,2025-02-13T15:30:37Z
UgwzG9t2kF2OF63w09F4AaABAg,,False,@민철민-t5d,리즈 왤케 이뻥❤,0,2025-02-13T15:29:21Z,2025-02-13T15:29:21Z
Ugypb8wWPsrDTo_Ts-p4AaABAg,,False,@찰리브라운-m4d,"나중에 기회가된다면 꼭 뮤지컬 도전해보길..
너무 이쁜 목소리야",1,2025-02-13T15:23:38Z,2025-02-13T15:23:38Z
UgyV--J5HN4mwGs2JQp4AaABAg,,False,@할미덕-q2y,진짜 ㅈㄴ 이쁘다,0,2025-02-13T15:22:37Z,2025-02-13T15:22:37Z
Ugw4PqbjXBAeVkdhlnJ4AaABAg,,False,@soniclpslover1,Liz you are so pretty ahhhhhhh ❤,0,2025-02-13T15:20:36Z,2025-02-13T15:20:36Z
Ugw_3IJG7ziN0HMxIDl4AaABAg,,False,@무기명-s8j,후욱후욱 리즈짜응,0,2025-02-13T15:08:16Z,2025-02-13T15:08:16Z
UgxIYFysiuBLJ214Jdl4AaABAg,,False,@win2forever99,바비인형이네😢,0,2025-02-13T15:06:04Z,2025-02-13T15:06:04Z
Ugz5x1y8FNA1BNxJ0Fh4AaABAg,,False,@100억-o9i,"와우 저맨 이시네요
아 아니 젊음분이네요 ㅎㅎ",0,2025-02-13T14:59:20Z,2025-02-13T14:59:20Z
UgwBTMhduBJr98hotzJ4AaABAg,,False,@chichipatata_10,리즈 🧊🐱🩵😊👍🏻,0,2025-02-13T14:58:40Z,2025-02-13T14:58:40Z
UgyJQuTrGlK2lh4sr1J4AaABAg,,False,@최지혜-w4z,리즈너무이버요 ❤❤❤,1,2025-02-13T14:45:40Z,2025-02-13T14:45:40Z
UgzGPaa_oauPFa6bZFx4AaABAg,,False,@m.g3569,女神や❤,0,2025-02-13T14:44:19Z,2025-02-13T14:44:19Z
UgwRkocSZ5Yf0yBlK6d4AaABAg,,False,@희쵸천사,리즈,1,2025-02-13T14:36:23Z,2025-02-13T14:36:23Z
UgwRi_IEne3wGQAIcaJ4AaABAg,,False,@dr.nadiasufyan7556,"Liz's beauty is so mesmerizing ✨
I can't stop looking at her",1,2025-02-13T14:31:39Z,2025-02-13T14:31:39Z
UgwbYGnY5dBdELbpYeh4AaABAg,,False,@영원한_나야,내 최애 ㄹㅣ즈는 진차.(?) 갈수록 더 기여워저❤❤❤❤❤❤❤❤이제 이서빼고 진짜 진정한 성인이 됐네❤뭔가 이때까지 아이브가 계속 있었다는게 기쁘면서도 감동받는다.😢❤❤❤❤❤❤❤,0,2025-02-13T14:24:19Z,2025-02-13T14:24:19Z
UgyAPeOcoPsvPEU5iRB4AaABAg,,False,@はなたん-d9o,金髪似合いすぎでやばいわ,0,2025-02-13T14:20:13Z,2025-02-13T14:20:13Z
Ugyjt-j_xCmIP0E56694AaABAg,,False,@MariamMostafa-o4c,Liz vocals are so gooddd,151,2025-02-13T14:18:22Z,2025-02-13T14:18:22Z
UgzbE9g5TrTu9-y3VYN4AaABAg,,False,@Strider901,we dont really need a clock on this lessons💞,0,2025-02-13T14:03:04Z,2025-02-13T14:03:04Z
UgyJ6LXlmRV4_mTPCkp4AaABAg,,False,@Fser-wo3dt1pk6i,예쁘잖아..,4,2025-02-13T13:52:20Z,2025-02-13T13:52:20Z
UgwwM-JSOusEFQ3z8hp4AaABAg,,False,@Fser-wo3dt1pk6i,"리즈 진짜 뭐야.,",1,2025-02-13T13:52:10Z,2025-02-13T13:52:10Z
Ugx9msKAou7MPyago-h4AaABAg,,False,@hye.xy1,치즈냥 넘 기요워서 기절했음..☺️🙀💗,1,2025-02-13T13:49:08Z,2025-02-13T13:49:08Z
UgzMzhZiwYz6YPipH1J4AaABAg,,False,@carlospluas9759,Bella 🫰🥰💖😍💕❤️😘,0,2025-02-13T13:43:50Z,2025-02-13T13:43:50Z
UgzMkC_A28oBZDawlx94AaABAg,,False,@로마불,아아 이 제주산 유사독일인은 매우 귀엽다,0,2025-02-13T13:42:14Z,2025-02-13T13:42:14Z
Ugy-WOizqHp3KmyYqTt4AaABAg,,False,@외구리-v9v,"내 최애인 리즈!!!!넘 귀엽당!!❤❤❤❤❤
진짜 이쁘고 귀엽고 춤 잘추고 노래도 잘하구!!진짜 못 하는게 모야!!❤❤❤",2,2025-02-13T13:38:22Z,2025-02-13T13:38:22Z
UgwH2K6jJR2wyMtE_Ip4AaABAg,,False,@kymultizs,LINDA 😍🩵,0,2025-02-13T13:35:38Z,2025-02-13T13:35:38Z
UgzYYZdowUSpHnwupr14AaABAg,,False,@dani0527_star,내 최애 리즈 왜케 기여움...?❤️‍🔥🐈,5,2025-02-13T13:30:41Z,2025-02-13T13:30:41Z
UgwBVh6yuUDbTv_Ate14AaABAg,,False,@소희-j2r,❤,0,2025-02-13T13:17:59Z,2025-02-13T13:17:59Z
UgxabjKq2rf0RF-5a1Z4AaABAg,,False,@karoru12,リズの歌もダンスも大好き💕存在が尊い,21,2025-02-13T13:14:12Z,2025-02-13T13:14:12Z
UgzUQB0lGA2-bisZPYN4AaABAg,,False,@슈팅-0622,원영턴 진짜 잘한당❤❤,1,2025-02-13T13:11:01Z,2025-02-13T13:11:01Z
Ugz4kfPaoK2exnlgZgF4AaABAg,,False,@マロンツム,"リズちゃんのキレキレダンス💃💕　
全部好き❤️",1,2025-02-13T13:05:32Z,2025-02-13T13:05:32Z
UgwMYGJkmCkHw3gUGyx4AaABAg,,False,@Zeliedti,LIZ YOU'RE SO PRETTY!!!!!!!!!! SLAY!!!,0,2025-02-13T13:03:05Z,2025-02-13T13:03:05Z
Ugz9uXGOTlVWJJPCgJ14AaABAg,,False,@김종익-u5o,리즈 원영턴 잘하는뎅?❤,1,2025-02-13T12:59:11Z,2025-02-13T12:59:11Z
UgyRcNhlWlCkgBtBmX54AaABAg,,False,@alaraksong8959,토마토 지워니도 또 보고싶네 ㅋㅋ,0,2025-02-13T12:57:42Z,2025-02-13T12:57:42Z
UgzmTgIK9fn4IYrIGlB4AaABAg,,False,@나는야우주최강뽀리,우아 너무 예뻐 이번 활동 리즈 화이팅 !ㅓ!,0,2025-02-13T12:52:28Z,2025-02-13T12:52:28Z
UgyP7jasdkuMwbUGNON4AaABAg,,False,@고민정-l9u,리즈언니는 언제나 쨩 보컬에 쨩 비주얼!!,2,2025-02-13T12:49:36Z,2025-02-13T12:49:36Z
Ugy_4GezWCbV8roZHdB4AaABAg,,False,@러브유깡유,우아!!! 리즈 여쁨 미첬다❤❤,0,2025-02-13T12:40:08Z,2025-02-13T12:40:08Z
Ugw_53G7pSfzJImEaEJ4AaABAg,,False,@ur.LUVzzie_xo,Our beauty Queen 💗,2,2025-02-13T12:33:52Z,2025-02-13T12:33:52Z
UgypJiF_0LX_RYIkpYN4AaABAg,,False,@ttwow4740,❤❤❤,1,2025-02-13T12:32:34Z,2025-02-13T12:32:34Z
UgyZ3HU-Kb9JWePLYJx4AaABAg,,False,@옥영-r9k,리즈님 너무예뻐요~♡♡,0,2025-02-13T12:23:00Z,2025-02-13T12:23:00Z
UgyT_kLZjVLa7FVFdyN4AaABAg,,False,@kyungminchoi-o6x,숨막히게 예쁘네!!!!  지렸따. ❤ 올해도 건강한 활동 부탁드려요!!! ❤❤❤,1,2025-02-13T11:53:36Z,2025-02-13T11:53:36Z
Ugw5IUNrRDvVjKjjSFd4AaABAg,,False,@사람인데요-e2u,리즈 넘 예뻐❤❤,1,2025-02-13T11:51:33Z,2025-02-13T11:51:33Z
UgxKWW6WrwGF5Lvc1I94AaABAg,,False,@오채민-w7l,리즈 너무 예뻐,0,2025-02-13T11:51:12Z,2025-02-13T11:51:12Z
Ugz3ziu4OLbuqVPgdRF4AaABAg,,False,@栄治西岡,RiZ❤ビジュ美人ですね✨(^-^),0,2025-02-13T11:42:58Z,2025-02-13T11:42:58Z
Ugyl4BgVuKs-ZnRb1oh4AaABAg,,False,@설윤-v4e,원영이 담으로 미인❤,0,2025-02-13T11:40:58Z,2025-02-13T11:40:58Z
UgxsQlm9nWbMyhAXVaJ4AaABAg,,False,@harlfayza,응 엘사니까 freeze 가능하지,0,2025-02-13T11:32:02Z,2025-02-13T11:32:02Z
Ugzb7035XuK3Kchb6QJ4AaABAg,,False,@sweetbubblelife001,Liz Visual is on another level!!! 🔥🔥,71,2025-02-13T11:25:05Z,2025-02-13T11:25:05Z
Ugzb7035XuK3Kchb6QJ4AaABAg.AEUDsUOE5gTAEUMe9qZ9cf,Ugzb7035XuK3Kchb6QJ4AaABAg,True,@なかのめぐみ-i9v,あしながーいスタイルBATSUGUNダンス可愛い,1,2025-02-13T12:41:46Z,2025-02-13T12:41:46Z
Ugzsot6uRVQnmeXUV554AaABAg,,False,@pp.on2,"리즈야 라이브 잘봤옹
지쨔 인간이 낼 수 없는 목소리더라,,
목 조심하구 감기도 조심해❤",2,2025-02-13T11:24:47Z,2025-02-13T11:24:47Z
UgzwPF4bnOtu6DAenJx4AaABAg,,False,@페이크다이것들아,리즈 턴도 이쁘당... ❤❤,0,2025-02-13T11:24:05Z,2025-02-13T11:24:05Z
Ugwr8c4gWiPrr9IbiEd4AaABAg,,False,@요미-j2m3o,"❤❤     🍬
❤❤               🍇
❤❤🐇     🍥
❤❤     
❤❤     🍡
❤❤❤❤❤❤
❤❤❤❤❤❤
                         🍥
🍬❤❤❤❤
  ❤❤     ❤❤
❤❤          ❤❤
❤❤     🍰❤❤
❤❤          ❤❤
  ❤❤     ❤❤
     ❤❤❤❤🐁
               🍥
❤❤          ❤❤
❤❤🐇     ❤❤
  ❤❤     ❤❤
  ❤❤     ❤❤
     ❤❤❤❤
🍬     ❤❤
                    🌸
❤❤❤❤❤❤
❤❤❤❤❤❤
❤❤🍬          ☁
❤❤❤❤     
❤❤     🍥     🐇
❤❤❤❤❤❤
❤❤❤❤❤❤",0,2025-02-13T11:21:19Z,2025-02-13T11:21:19Z
UgySpt68klVo_JP9VZJ4AaABAg,,False,@dv1201-ie,김지원이 김지원했다.,0,2025-02-13T11:18:13Z,2025-02-13T11:18:13Z
UgyhBwKqqiPbPdkUELt4AaABAg,,False,@머무낭,귤냥이..❤,0,2025-02-13T11:17:20Z,2025-02-13T11:17:20Z
UgxvLsKtw1irDj0qT2B4AaABAg,,False,@설이_유렝,리즈 너무 예쁘고 춤도 너무 잘춰요 저 맂프에요,2,2025-02-13T11:16:26Z,2025-02-13T11:16:26Z
Ugw7DVkNfBwVEanlPIl4AaABAg,,False,@yukatanjang,リズちゃんの高音パート好き❤❤❤,29,2025-02-13T11:14:50Z,2025-02-13T11:14:50Z
UgyfyC3p61OuyHAMlDR4AaABAg,,False,@whitemoon2001,Gorgeous 🥰,1,2025-02-13T11:11:33Z,2025-02-13T11:11:33Z
UgwNc7dY1PgzZ0D2ZeJ4AaABAg,,False,@miso916,리즈 넘 이쁘다❤,0,2025-02-13T11:08:28Z,2025-02-13T11:08:28Z
UgwdMLYYOF_XAVEwitx4AaABAg,,False,@쿙이야,리즈 넘 예쁘다아ㅠㅠ🥹🎀💓,3,2025-02-13T10:59:00Z,2025-02-13T10:59:00Z
UgxvH-JF8WqXkuFD2Ud4AaABAg,,False,@Viswyx,脚が長い､､美しいです！,0,2025-02-13T10:46:01Z,2025-02-13T10:46:01Z
Ugx6Eg9cDwt4_a6jXFN4AaABAg,,False,@폼폼-p5c,너무 예쁘다 지원이❤❤❤,0,2025-02-13T10:43:43Z,2025-02-13T10:43:43Z
Ugxu-VBS9DoKA7hkuGV4AaABAg,,False,@NRam-ke6cs,Liz has the most fanboys in this group.,0,2025-02-13T10:42:14Z,2025-02-13T10:42:14Z
Ugz1p5zs7JFhBjqTir54AaABAg,,False,@NRam-ke6cs,This barbie doll is making a lot of boys faint again.,2,2025-02-13T10:41:42Z,2025-02-13T10:41:42Z
UgwTmXEugojUyMk3XLN4AaABAg,,False,@aistar.official,She's so pretty❤,0,2025-02-13T10:39:52Z,2025-02-13T10:39:52Z
Ugx4hIMDnViq-raTPUl4AaABAg,,False,@aistar.official,Liz's slay wonyoung's turn😍🔥,0,2025-02-13T10:39:21Z,2025-02-13T10:39:21Z
UgwuBOtcHlLlT786a2N4AaABAg,,False,@NRam-ke6cs,She’s veryyyyy prettttyyyyy 😍😍,0,2025-02-13T10:39:14Z,2025-02-13T10:39:14Z
UgyfdV9sk3HqqrMGYMR4AaABAg,,False,@NRam-ke6cs,Easily the most beautiful 4th gen female idol.,0,2025-02-13T10:38:51Z,2025-02-13T10:38:51Z
UgwjN-bc-BBzQpekjSB4AaABAg,,False,@NRam-ke6cs,"Liz’ beauty 
Liz’ visual 
🥵🥵🥵🥵🥵",1,2025-02-13T10:38:34Z,2025-02-13T10:38:34Z
UgyI046yCGAasiTKhzh4AaABAg,,False,@NRam-ke6cs,Liz is flawless,0,2025-02-13T10:38:21Z,2025-02-13T10:38:21Z
UgwR9efaOl_EU52-fx94AaABAg,,False,@NRam-ke6cs,Liz is perfect,0,2025-02-13T10:38:15Z,2025-02-13T10:38:15Z
UgzXyK6l6B0XiWz-fml4AaABAg,,False,@NRam-ke6cs,Liz is stunning,44,2025-02-13T10:38:09Z,2025-02-13T10:38:09Z
UgwkjQbPYQ84NEMnTxp4AaABAg,,False,@NRam-ke6cs,My Liz is the most beautiful 😍🥵,0,2025-02-13T10:37:55Z,2025-02-13T10:37:55Z
Ugzn0fMlttN5qTN3Nr54AaABAg,,False,@NRam-ke6cs,My baby is so pretty,0,2025-02-13T10:37:42Z,2025-02-13T10:37:42Z
UgxzdxcK-MKYd1A8AxV4AaABAg,,False,@NRam-ke6cs,My love my life 😍,0,2025-02-13T10:37:36Z,2025-02-13T10:37:36Z
UgxwWUij2h0QFsEFMF94AaABAg,,False,@NRam-ke6cs,My Hot girlfriend ❤🔥,0,2025-02-13T10:37:23Z,2025-02-13T10:37:23Z
UgzrVQJX62WKzQrPLBh4AaABAg,,False,@뽀렝인데여,리즈 진짜 이쁘다❤❤,0,2025-02-13T10:37:13Z,2025-02-13T10:37:13Z
UgzYTP0QRDfBlQOYEz54AaABAg,,False,@NRam-ke6cs,She’s so hot 🥵😍,0,2025-02-13T10:37:08Z,2025-02-13T10:37:08Z
UgztSiMlkKOiFyd8p5d4AaABAg,,False,@miuthub7954,And she did it live encore ❤,0,2025-02-13T10:36:13Z,2025-02-13T10:36:13Z
UgzjydjCWJZ2_bv5v7F4AaABAg,,False,@Lx.ie8,리즈는 진짜 금발 완전 잘 어울림❤❤❤❤❤,33,2025-02-13T10:35:34Z,2025-02-13T10:35:34Z
UgzKQ1ORGKZgP5Kd7Dt4AaABAg,,False,@starnanba-9,지원이 빨리 흑발해라 지금 상태로 흑발하면 완전 데뷔전얼굴임;;,0,2025-02-13T10:35:34Z,2025-02-13T10:35:34Z
UgyS7PQTX7Q-l5xR6WB4AaABAg,,False,@clumsy0599,Pretty jiwon ❤❤,0,2025-02-13T10:32:41Z,2025-02-13T10:32:41Z
UgzN8LFr4cfnPtLmCbp4AaABAg,,False,@bravek9292,"리즈야 너라도 아기짓하지말고
스웩있게 실력을 계속 키워라.",0,2025-02-13T10:32:02Z,2025-02-13T10:32:02Z
Ugxu_V4H_M__HFFIfgB4AaABAg,,False,@레이사랑하는렝키,리즈는 춤도 잘하고 노래도 잘하고 못하는게 뭐야❤,12,2025-02-13T10:28:03Z,2025-02-13T10:28:03Z
Ugz3cTNZHB4LjqIouYF4AaABAg,,False,@옌_여보_머렝,리즈 이 파트 진짜 극락이야 .. ~ 🤭 사랑해 리즈🥹❤️,9,2025-02-13T10:25:56Z,2025-02-13T10:25:56Z
UgwGEdKDTrxbBXCOz1B4AaABAg,,False,@RidhalDiveBDG96,"리즈, 너의 춤과 목소리가 정말 좋다",0,2025-02-13T10:24:41Z,2025-02-13T10:24:41Z
UgwljjdEnU-Yc8BnERp4AaABAg,,False,@이서진-l7y4w,완전 고양이🫶🏻,1,2025-02-13T10:19:46Z,2025-02-13T10:19:46Z
Ugz4j46uw1PrTpNl1nN4AaABAg,,False,@유크_안고_튀어,아니 리즈 모둔것이 완벽해!!!!,0,2025-02-13T10:19:04Z,2025-02-13T10:19:04Z
UgxM3lVzUg0oDKxkzSV4AaABAg,,False,@서빈이가좋은레콩,리즈 진짜 너무 예쁘다 ❤❤,1,2025-02-13T10:18:43Z,2025-02-13T10:18:43Z
UgyIi9FgQO90FDBi8oZ4AaABAg,,False,@نيو-ل4ح,❤❤❤,0,2025-02-13T10:17:17Z,2025-02-13T10:17:17Z
UgyRX3IpG4mg-Qtnij94AaABAg,,False,@미각양꼬치마라탕안양,헐 너무 예쁘다,0,2025-02-13T10:09:06Z,2025-02-13T10:09:06Z
UgwGox6lzcCdnP38pSl4AaABAg,,False,@슈가짱i,리즈대박😮😮너무예뻐,0,2025-02-13T10:08:28Z,2025-02-13T10:08:28Z
Ugx909swMZ9_t8UMnqZ4AaABAg,,False,@JaimsMoon,리즈 진짜 미인이다😊,0,2025-02-13T10:03:12Z,2025-02-13T10:03:12Z
UgwOAiYwIYyC46c6Tat4AaABAg,,False,@LOVE-fb9kh,와❤❤❤❤❤❤❤❤❤❤❤❤리지언니 ❤❤ 너무 예뻐요❤❤❤❤,0,2025-02-13T10:02:50Z,2025-02-13T10:02:50Z
UgyObRRxuWQZNKXawiN4AaABAg,,False,@t.0nYx,지원아 진짜 평생 금발 해주라 ..,5,2025-02-13T10:02:29Z,2025-02-13T10:02:29Z
UgwZvNF6GzpgXpq_7Ip4AaABAg,,False,@IZONEloveWIZONE,美しすぎる❤❤歌も上手いしダンスも上手いんだよねー✨✨✨,4,2025-02-13T09:59:52Z,2025-02-13T09:59:52Z
Ugyd_sCe9cPyqPp9hJ94AaABAg,,False,@ZiralNo,리즈 너무 이뻐 ❤,0,2025-02-13T09:59:08Z,2025-02-13T09:59:34Z
UgyaYzc6dcZbmrAYImd4AaABAg,,False,@2018현다,❤❤,0,2025-02-13T09:53:44Z,2025-02-13T09:53:44Z
Ugw5gRXE9i-Fc-T0n_J4AaABAg,,False,@박수현-i5x,좋아요 백만개 누르고싶다,0,2025-02-13T09:53:10Z,2025-02-13T09:53:10Z
Ugxe29JaTj7Y_8GCHvN4AaABAg,,False,@eSU_13,ため息が出るほど美しい…,40,2025-02-13T09:52:23Z,2025-02-13T09:52:23Z
Ugxe29JaTj7Y_8GCHvN4AaABAg.AEU3GXoOtQsAEVcIdR-fvx,Ugxe29JaTj7Y_8GCHvN4AaABAg,True,@seoyeonchoi143,댓글이 귀여워........,2,2025-02-14T00:26:29Z,2025-02-14T00:26:29Z
UgwEqgoFat8adL83kGh4AaABAg,,False,@다이브ive,오 이거 리즈 언니가 직캠 체험에서 킬링 파트라 했던 ㅋㅋ,0,2025-02-13T09:43:33Z,2025-02-13T09:43:33Z
UgxkmEFyA01ZYRC2tiB4AaABAg,,False,@귀요미퀸수려유진퀸,"기다려
💖명랑소녀 거울아💖
     우주최고의선물은
🌟🌟🌟아이브 🌟🌟🌟
사랑해 사랑해 사랑해 ❤~",0,2025-02-13T09:43:08Z,2025-02-13T09:43:08Z
UgyWT7D8FWs7hyFDmEt4AaABAg,,False,@냥이-e1v,넘 귀엽다❤❤❤❤💓💓💓,0,2025-02-13T09:42:37Z,2025-02-13T09:42:37Z
UgxXl5cO4C4cCJz9W8p4AaABAg,,False,@FddfgS-g8l,내 최애!사랑해요❤,2,2025-02-13T09:37:25Z,2025-02-13T09:37:25Z
UgypDggSoAF-r5GewsJ4AaABAg,,False,@sva3359,하아...다 끝나고야 쉬어지는 내숨! 정말 예쁘당,0,2025-02-13T09:32:32Z,2025-02-13T09:32:32Z
Ugwl8LHqDaB-cbSTe3l4AaABAg,,False,@r2thandtoys580,너무 이뻐엉❤❤❤❤❤❤❤❤❤❤❤❤❤❤❤💕💕💕💕💕💕💕💕💕💕,3,2025-02-13T09:24:46Z,2025-02-13T09:24:46Z
UgwOK1qUUSRI_0euB954AaABAg,,False,@linerdvd,💛💛💛,1,2025-02-13T09:22:27Z,2025-02-13T09:22:27Z
UgygbCbJ2JepBMYr5ON4AaABAg,,False,@윤_임,지원아 꼬시지마..,1,2025-02-13T09:21:26Z,2025-02-13T09:21:26Z
Ugzo3f9thxhMK3iS8lx4AaABAg,,False,@나뚜르-l6w,맨버중애서아이브제일좋아요,0,2025-02-13T09:18:17Z,2025-02-13T09:18:17Z
UgxvQ1iPaiDJPeftL0V4AaABAg,,False,@Davidlee-ey2ud,리즈 귀여움,0,2025-02-13T09:13:28Z,2025-02-13T09:13:28Z
UgwDcVddwywrvZwqv1J4AaABAg,,False,@Charddock_youkong,리즈 고음 어케 한거야...,0,2025-02-13T09:12:57Z,2025-02-13T09:12:57Z
UgxT7ZlEI-hNq63WY_54AaABAg,,False,@aka4359,❤,0,2025-02-13T09:10:37Z,2025-02-13T09:10:37Z
UgzT34w0PPJLRNd63VZ4AaABAg,,False,@yu_1rose,진짜 못하는게 뭐냐구..🥹💓,12,2025-02-13T09:04:51Z,2025-02-13T09:04:51Z
Ugz7XLt-_2lLUyaYnNx4AaABAg,,False,@라떼_유튜브_구독,리즈언니 넘 이쁘당❤❤🐱,2,2025-02-13T09:04:15Z,2025-02-13T09:04:15Z
UgwIMQiWGFYWb1rp0fl4AaABAg,,False,@juju_jeje,영상보니까 노래는 참 잘하던데 춤은 별루인듯,0,2025-02-13T09:00:42Z,2025-02-13T09:00:42Z
UgwnLhFwuPSvh7688zx4AaABAg,,False,@teddada119,너무예뽕..ㅡ,0,2025-02-13T08:59:00Z,2025-02-13T08:59:00Z
UgxDFyOFMwpzVBX8qRl4AaABAg,,False,@녕쵸_쵸코,리즈 시절❤❤,1,2025-02-13T08:57:03Z,2025-02-13T08:57:03Z
UgzCyTYGAe3f16VEVDV4AaABAg,,False,@팤님잘생겼어유,리즈 개이쁘다❤❤❤❤❤❤❤❤❤❤❤❤❤❤❤❤❤❤❤❤❤❤❤❤❤❤❤❤❤❤❤❤❤❤❤❤❤❤❤❤❤❤❤❤❤❤❤❤❤❤❤❤❤❤❤❤❤❤❤❤❤❤❤❤❤❤❤❤❤❤❤❤❤❤❤❤❤❤❤❤❤❤❤❤❤❤❤❤❤❤❤❤❤❤❤❤❤❤❤❤❤❤❤❤❤❤❤❤❤❤❤❤❤❤❤❤❤❤❤❤❤❤❤❤❤❤❤❤❤❤❤❤❤❤❤❤❤❤❤❤❤❤❤❤❤❤❤❤❤❤❤❤❤❤❤❤❤❤❤❤❤❤❤❤❤❤❤❤❤❤❤❤❤❤❤❤❤❤❤❤❤❤❤❤❤❤❤❤❤❤❤❤❤❤❤❤❤❤❤❤❤❤❤❤❤❤❤❤❤❤❤❤❤❤❤❤❤❤❤❤❤❤❤❤❤❤❤❤❤❤❤❤❤❤❤❤❤❤❤❤❤❤❤❤❤❤❤❤❤❤❤❤❤❤❤❤❤❤❤❤❤❤❤❤❤❤❤❤❤❤❤❤❤❤❤❤❤❤❤❤❤❤❤❤❤❤❤❤❤❤❤❤❤❤❤❤❤❤❤❤❤❤❤❤❤❤❤❤❤❤❤❤❤❤❤❤❤❤❤❤❤❤❤❤❤❤❤❤❤❤❤❤❤❤❤❤❤❤❤❤❤❤❤❤❤❤❤❤❤❤❤❤❤❤❤❤❤❤❤❤❤❤❤❤❤❤❤❤❤❤❤❤❤❤❤❤❤❤❤❤❤❤❤❤❤❤❤❤❤❤❤❤❤❤❤❤❤❤❤❤❤❤❤❤❤❤❤❤❤❤❤❤❤❤❤❤❤❤❤❤❤❤❤❤❤❤❤❤❤❤❤❤❤❤❤❤❤❤❤❤❤❤❤❤❤❤❤❤❤❤❤❤❤❤❤❤❤❤❤❤❤❤❤❤❤❤❤❤❤❤❤❤❤❤❤❤❤❤❤❤❤❤❤❤❤❤❤❤❤❤❤❤❤❤❤❤❤❤❤❤❤❤❤❤❤❤❤❤❤❤❤❤❤❤❤❤❤❤❤❤❤❤❤❤❤❤❤❤❤❤❤❤❤❤❤❤❤❤❤❤❤❤❤❤❤❤❤❤❤❤❤❤❤❤❤❤❤❤❤❤❤❤❤❤❤❤❤❤❤❤❤❤❤❤❤❤❤❤❤❤❤❤❤❤❤❤❤❤❤❤❤❤❤❤❤❤❤❤❤❤❤❤❤❤❤❤❤❤❤❤❤❤❤❤❤❤❤❤❤❤❤❤❤❤❤❤❤❤❤❤❤❤❤❤❤❤❤❤❤❤❤❤❤❤❤❤❤❤❤❤❤❤❤❤❤❤❤❤❤❤❤❤❤❤❤❤❤❤❤❤❤❤❤❤❤❤❤❤❤❤❤❤❤❤❤❤❤❤❤❤❤❤❤❤❤❤❤❤❤❤❤❤❤❤❤❤❤❤❤❤❤❤❤❤❤❤❤❤❤❤❤❤❤❤❤❤❤❤❤❤❤❤❤❤❤❤❤❤❤❤❤❤❤❤❤❤❤❤❤❤❤❤❤❤❤❤❤❤❤❤❤❤❤❤❤❤❤❤❤❤❤❤❤❤❤❤❤❤❤❤❤❤❤❤❤❤❤❤❤❤❤❤❤❤❤❤❤❤❤❤❤❤❤❤❤❤❤❤❤❤❤❤❤❤❤❤❤❤❤❤❤❤❤❤❤❤❤❤❤❤❤❤❤❤❤❤❤❤❤❤❤❤❤❤❤❤❤❤❤❤❤❤❤❤❤❤❤❤❤❤❤❤❤❤❤❤❤❤❤❤❤❤❤❤❤❤❤❤❤❤❤❤❤❤❤❤❤❤❤❤❤❤❤❤❤❤❤❤❤❤❤❤❤❤❤❤❤❤❤❤❤❤❤❤❤❤❤❤❤❤❤❤❤❤❤❤❤❤❤❤❤❤❤❤❤❤❤❤❤❤❤❤❤❤❤❤❤❤❤❤❤❤❤❤❤❤❤❤❤❤❤❤❤❤❤❤❤❤❤❤❤❤❤❤❤❤❤❤❤❤❤❤❤❤❤❤❤❤❤❤❤❤❤❤❤❤❤❤❤❤❤❤❤❤❤❤❤❤❤❤❤❤❤❤❤❤❤❤❤❤❤❤❤❤❤❤❤❤❤❤❤❤❤❤❤❤❤❤❤❤❤❤❤❤❤❤❤❤❤❤❤❤❤❤❤❤❤❤❤❤❤❤❤❤❤❤❤❤❤❤❤❤❤❤❤❤❤❤❤❤❤❤❤❤❤❤❤❤❤❤❤❤❤❤❤❤❤❤❤❤❤❤❤❤❤❤❤❤❤❤❤❤❤❤❤❤❤❤❤❤❤❤❤❤❤❤❤❤❤❤❤❤❤❤❤❤❤❤❤❤❤❤❤❤❤❤❤❤❤❤❤❤❤❤❤❤❤❤❤❤❤❤❤❤❤❤❤❤❤❤❤❤❤❤❤❤❤❤❤❤❤❤❤❤❤❤❤❤❤❤❤❤❤❤❤❤❤❤❤❤❤❤❤❤❤❤❤❤❤❤❤❤❤❤❤❤❤❤❤❤❤❤❤❤❤❤❤❤❤❤❤❤❤❤❤❤❤❤❤❤❤❤❤❤❤❤❤❤❤❤❤❤❤❤❤❤❤❤❤❤❤❤❤❤❤❤❤❤❤❤❤❤❤❤❤❤❤❤❤❤❤❤❤❤❤❤❤❤❤❤❤❤❤❤❤❤❤❤❤❤❤❤❤❤❤❤❤❤❤❤❤❤❤❤❤❤❤❤❤❤❤❤❤❤❤❤❤❤❤❤❤❤❤❤❤❤❤❤❤❤❤❤❤❤❤❤❤❤❤❤❤❤❤❤❤❤❤❤❤❤❤❤❤❤❤❤❤❤❤❤❤❤❤❤❤❤❤❤❤❤❤❤❤❤❤❤❤❤❤❤❤❤❤❤❤❤❤❤❤❤❤❤❤❤❤❤❤❤❤❤❤❤❤❤❤❤❤❤❤❤❤❤❤❤❤❤❤❤❤❤❤❤❤❤❤❤❤❤❤❤❤❤❤❤❤❤❤❤❤❤❤❤❤❤❤❤❤❤❤❤❤❤❤❤❤❤❤❤❤❤❤❤❤❤❤❤❤❤❤❤❤❤❤❤❤❤❤❤❤❤❤❤❤❤❤❤❤❤❤❤❤❤❤❤❤❤❤❤❤❤❤❤❤❤❤❤❤❤❤❤❤❤❤❤❤❤❤❤❤❤❤❤❤❤❤❤❤❤❤❤❤❤❤❤❤❤❤❤❤❤❤❤❤❤❤❤❤❤❤❤❤❤❤❤❤❤❤❤❤❤❤❤❤❤❤❤❤❤❤❤❤❤❤❤❤❤❤❤❤❤❤❤❤❤❤❤❤❤❤❤❤❤❤❤❤❤❤❤❤❤❤❤❤❤❤❤❤❤❤❤❤❤❤❤❤❤❤❤❤❤❤❤❤❤❤❤❤❤❤❤❤❤❤❤❤❤❤❤❤❤❤❤❤❤❤❤❤❤❤❤❤❤❤❤❤❤❤❤❤❤❤❤❤❤❤❤❤❤❤❤❤❤❤❤❤❤❤❤❤❤❤❤❤❤❤❤❤❤❤❤❤❤❤❤❤❤❤❤❤❤❤❤❤❤❤❤❤❤❤❤❤❤❤❤❤❤❤❤❤❤❤❤❤❤❤❤❤❤❤❤❤❤❤❤❤❤❤❤❤❤❤❤❤❤❤❤❤❤❤❤❤❤❤❤❤❤❤❤❤❤❤❤❤❤❤❤❤❤❤❤❤❤❤❤❤❤❤❤❤❤❤❤❤❤❤❤❤❤❤❤❤❤❤❤❤❤❤❤❤❤❤❤❤❤❤❤❤❤❤❤❤❤❤❤❤❤❤❤❤❤❤❤❤❤❤❤❤❤❤❤❤,4,2025-02-13T08:55:45Z,2025-02-13T08:55:58Z
Ugwr8xH-BU8GBUAEw1h4AaABAg,,False,@vaishalinimkar3361,"Liz SERVED vocals throughout IVE EMPATHY!! Not only in the title track but also wrote Thank U. 
So I guess I should give my thanks to you~~
Thank U Lizzzzz 🐈‍⬛🐈‍⬛",3,2025-02-13T08:55:37Z,2025-02-13T08:56:06Z
UgwGix6zjmwaKJubczd4AaABAg,,False,@젼릱,리즈 파트 55초 준 이유가 다 여기있엇넹..,1,2025-02-13T08:52:40Z,2025-02-13T08:52:40Z
UgyfOUWf4o-lhqAf08F4AaABAg,,False,@whentheygolow_wegohigh7306,이 때 표정 너무 예쁘고 매력적이더라 😍🫶💗,2,2025-02-13T08:51:31Z,2025-02-13T08:51:31Z
UgwD6pH65vrhrewVb5B4AaABAg,,False,@davidkim439,"Oh, that German girl!",0,2025-02-13T08:51:02Z,2025-02-13T08:51:02Z
UgzrQcR_oB6wN0q2IkV4AaABAg,,False,@농이-j9v,리즈 너무 예뻥!!!🩷🩷🩷🩷🩷❤️,1,2025-02-13T08:50:47Z,2025-02-13T08:50:47Z
Ugw0ZRjNf6jXyPm4Gvt4AaABAg,,False,@svciotse9748,치즈냥이 진짜 넘 귀여워❤❤,0,2025-02-13T08:50:38Z,2025-02-13T08:50:38Z
UgwNL2gIxSsNwArtUbh4AaABAg,,False,@콘수니_Rei,"리즈 넘 기엽따💓
뇩시 내 차애😝
아이브 채널처럼 내채널도 구독자 늘었으면 조켓다 ..ㅠ🥺",2,2025-02-13T08:45:46Z,2025-02-13T08:46:02Z
Ugxv1x65FsZMt-uPkS14AaABAg,,False,@아이브리즈사랑행,지원이 춤 진짜 잘춘다💙💙 김지원 사랑행💙💙 알려뷰💙💙,4,2025-02-13T08:39:25Z,2025-02-13T08:39:25Z
UgzNOlLgZCwSwSTu_2V4AaABAg,,False,@Sywvdbxidiwbvqycirb,계속 예뻐지네 ~ 예뻐 죽겄어,0,2025-02-13T08:37:37Z,2025-02-13T08:37:37Z
UgxHXhSpCFINEgPm1kh4AaABAg,,False,@Wony_ismyultbias,LIZ IS SAURRR PRETTYYY 🙏😍🫶🎀,1,2025-02-13T08:34:19Z,2025-02-13T08:34:19Z
UgxG_WQn0nHlqe4Dl714AaABAg,,False,@natura88koree,리즈는 진짜 완벽한 자연미인임.. 처음부터 그대로 똑같음..,287,2025-02-13T08:32:50Z,2025-02-13T08:32:50Z
UgxG_WQn0nHlqe4Dl714AaABAg.AETv9ver3RlAEW_UmZFXlv,UgxG_WQn0nHlqe4Dl714AaABAg,True,@김시현wegetitonnow,….?,3,2025-02-14T09:21:10Z,2025-02-14T09:21:10Z
UgxG_WQn0nHlqe4Dl714AaABAg.AETv9ver3RlAEYMSOhgQws,UgxG_WQn0nHlqe4Dl714AaABAg,True,@돌고라미-b9o,@김시현88888왜요?^,3,2025-02-15T01:56:59Z,2025-02-15T01:56:59Z
UgxG_WQn0nHlqe4Dl714AaABAg.AETv9ver3RlAEaM1ssk-_0,UgxG_WQn0nHlqe4Dl714AaABAg,True,@채유짝사랑하는멜로,@natura88koree 마쟈요오 @김시현8888 왜요?,2,2025-02-16T05:51:06Z,2025-02-16T05:51:06Z
UgxG_WQn0nHlqe4Dl714AaABAg.AETv9ver3RlAEadQ6Nz-St,UgxG_WQn0nHlqe4Dl714AaABAg,True,@김시현wegetitonnow,@@natura88koree …?,0,2025-02-16T08:31:41Z,2025-02-16T08:31:41Z
UgxG_WQn0nHlqe4Dl714AaABAg.AETv9ver3RlAEadUOWgfUb,UgxG_WQn0nHlqe4Dl714AaABAg,True,@김시현wegetitonnow,@@natura88koree 처음부터 똑같은건 맞는데 에쁘진않음…,2,2025-02-16T08:32:16Z,2025-02-16T08:32:16Z
UgyYJQqcPiok0vgWU-l4AaABAg,,False,@睡不着_初旋,张元英转圈😅❤❤❤这首歌是给女孩写的吧！,0,2025-02-13T08:30:31Z,2025-02-13T08:31:18Z
Ugy6vzj2oPQO8_mytMt4AaABAg,,False,@sami-kc8ox,she suits light hair so well,3,2025-02-13T08:27:13Z,2025-02-13T08:27:13Z
Ugw6DBSNI6mljeldKwx4AaABAg,,False,@ピヨピヨ-p1f,リズほんとに綺麗で素敵なんでこんなに可愛い❤,58,2025-02-13T08:24:48Z,2025-02-13T08:24:48Z
UgxpsrYnmgz_V6sqAn14AaABAg,,False,@정햄키욤,이쁨❤❤🎉,1,2025-02-13T08:24:34Z,2025-02-13T08:24:34Z
UgymT-q_gLb7uK-XLXR4AaABAg,,False,@베리스트로베링,리즈 미모 무슨일..❤,10,2025-02-13T08:23:57Z,2025-02-13T08:23:57Z
UgwYisWirKMFo2Tk5O54AaABAg,,False,@m_o____r_e4084,Liz ❤,1,2025-02-13T08:23:43Z,2025-02-13T08:23:43Z
Ugy-Ay0pb8kkAVk6RJJ4AaABAg,,False,@あーちゃん-c7o,cute♡,0,2025-02-13T08:18:56Z,2025-02-13T08:18:56Z
UgwDXFay7XCENl0OM8h4AaABAg,,False,@雪姫雲姫,リズ🐿❤,0,2025-02-13T08:18:54Z,2025-02-13T08:18:54Z
UgzwNsfnpDoPkNblhMd4AaABAg,,False,@프냥곤듀,리즈 더 이뻐졌다😻,3,2025-02-13T08:17:23Z,2025-02-13T08:17:23Z
UgzDBqkX1wNcQM_MOFx4AaABAg,,False,@HAPPYVLOG-0225,리즈 고음 미쳤다ㅏㅏㅏㅏㅏㅏ,3,2025-02-13T08:15:49Z,2025-02-13T08:15:49Z
Ugz0XQSQSm80k1NOJQJ4AaABAg,,False,@fakeartist-why,Attitude queen❤,1,2025-02-13T08:13:17Z,2025-02-13T08:13:17Z
Ugxbz-zSZUTdOQMnivl4AaABAg,,False,@rikoなんどす,まじでかわよい,2,2025-02-13T08:11:06Z,2025-02-13T08:11:06Z
UgwOiTwwU3paRrEKOe94AaABAg,,False,@kima0522,1시간전이당 다이브됬다모아됬다다이브된사람임니당,0,2025-02-13T08:10:04Z,2025-02-13T08:10:04Z
UgyXb0yd0o9APMvX6o94AaABAg,,False,@마라탕을먹고싶은나쵸,너무 예뻐,1,2025-02-13T08:10:00Z,2025-02-13T08:10:00Z
Ugxm6dzkT1JlfiuCkZx4AaABAg,,False,@남경연-u1r,😻😻😻😻,1,2025-02-13T08:09:51Z,2025-02-13T08:09:51Z
UgxE9AtXv4Q3ANKC7YB4AaABAg,,False,@fanyutseng2284,LIZ 🥰🥰🥰,2,2025-02-13T08:07:44Z,2025-02-13T08:07:44Z
UgwU7jgF2euvuaDTti94AaABAg,,False,@erwinkim7125,리즈~ 시절~ 🩷💗🩷💗🩷,7,2025-02-13T08:07:38Z,2025-02-13T08:07:38Z
UgzPgugAiysXyBiOWGZ4AaABAg,,False,@You-ii2uq,리즈 가자 가자❤❤❤,3,2025-02-13T08:06:14Z,2025-02-13T08:06:14Z
Ugx2k431CYAjQIhxGYZ4AaABAg,,False,@최휴핑-p2c-d6k,넘  귀여워❤,4,2025-02-13T08:05:33Z,2025-02-13T08:05:33Z
UgwPFvMeE_Wxbv-OZxx4AaABAg,,False,@TkvoxhRleks,진짜 이쁘다,2,2025-02-13T08:02:59Z,2025-02-13T08:02:59Z
Ugz6N6RS8i-1pjz5-lN4AaABAg,,False,@Chan_0an,지원아 징짜 사랑해❤❤,2,2025-02-13T08:01:04Z,2025-02-13T08:01:04Z
UgyW8_s8YXjhtnszSVx4AaABAg,,False,@신묘-d1b,🤩🤩,1,2025-02-13T08:00:22Z,2025-02-13T08:00:22Z
Ugz5OSz8NId3UJuNwjJ4AaABAg,,False,@Sweetsound-zl9hi,근데 리즈 또 염색 한거...?😮,1,2025-02-13T07:58:51Z,2025-02-13T07:58:51Z
UgxTjwTsDvV4aImS40B4AaABAg,,False,@병맛-7,리즈는 언제나 예뻐,20,2025-02-13T07:56:35Z,2025-02-13T07:56:35Z
Ugw-I7GDfN7rfJnWDbl4AaABAg,,False,@minsooshin345,❤❤❤❤❤❤❤,1,2025-02-13T07:55:52Z,2025-02-13T07:55:52Z
UgwW681R8fMRt93ojnx4AaABAg,,False,@kennyyang6464,Liz is so adorable 😆,17,2025-02-13T07:55:31Z,2025-02-13T07:55:31Z
Ugxr-qI2q1cQJsFGSwp4AaABAg,,False,@김우식-k4k,아이브 리즈선배님 신곡을 춤을 추니까 너무좋아요 ❤❤❤❤❤,2,2025-02-13T07:54:53Z,2025-02-13T07:54:53Z
UgypjdP9vo7trAd5oQ14AaABAg,,False,@eduardturcan3,"I never look back because I love Liz and she is beautiful, stunning and fantastic!!! 😍❤️✨",5,2025-02-13T07:52:46Z,2025-02-13T07:52:46Z
Ugw07y61furdT-wJMYZ4AaABAg,,False,@GABYArmy-xc6gz,QUE LINDA LIZ,2,2025-02-13T07:51:04Z,2025-02-13T07:51:04Z
UgyY8LvfuMiw-ggpgA94AaABAg,,False,@ilma-i9f,LOVE YOU 😘😘😘,0,2025-02-13T07:51:04Z,2025-02-13T07:51:04Z
Ugxs3t0bIJT7f3Rg1A54AaABAg,,False,@Lidyassiss,ATTITUDE!!!🫐💖🌟,1,2025-02-13T07:50:28Z,2025-02-13T07:50:28Z
UgxawxHH28qPzkJ7d1t4AaABAg,,False,@needpeacewhichisbed,Those winks in between🥹❤️,1,2025-02-13T07:49:10Z,2025-02-13T07:49:10Z
UgwS4QItAErrV56LZql4AaABAg,,False,@x_snon1,리즈 너무 이쁨❤❤❤❤❤❤,3,2025-02-13T07:48:57Z,2025-02-13T07:48:57Z
UgyM9FN9EpedaGU3EvN4AaABAg,,False,@힣-x6x,리즈야 이렇게 완벽하면 어떡해....❤❤❤,5,2025-02-13T07:48:44Z,2025-02-13T07:48:44Z
UgwjzFiaC-6j0KhfeqV4AaABAg,,False,@댕댕-m4t,🥰🥰🥰🥰🥰🥰🥰,1,2025-02-13T07:46:49Z,2025-02-13T07:46:49Z
UgweF-Aye4Z4lCsEIhN4AaABAg,,False,@gnvtwhp1218,Liz🤍🖤💙,0,2025-02-13T07:46:10Z,2025-02-13T07:46:10Z
UgztccQ6MsPN-5WQL7p4AaABAg,,False,@채앗-y9r,리즈야...여신아니야??❤❤❤,5,2025-02-13T07:41:34Z,2025-02-13T07:41:34Z
Ugz-GTYWdNN3JbHsIq54AaABAg,,False,@옹창훈,"❤리즈❤너무너무 이쁘다 😍 💕 💗 
춤도 잘 추고  너무좋아요 😍😍🤩🤩🥰🥰",3,2025-02-13T07:40:46Z,2025-02-13T07:40:46Z
UgyVGraU551xgIQ3ZMZ4AaABAg,,False,@Liz_Cat_Butler,이 챌린지 끼쟁이 표정 3종 세트 해주는 사람은 울 지원이 밖에 없네요😍!,2,2025-02-13T07:40:02Z,2025-02-13T07:40:23Z
UgyCGtNuqNJwBhzJWZF4AaABAg,,False,@Louie_0326,❤,0,2025-02-13T07:39:00Z,2025-02-13T07:39:00Z
UgxDiVgCd5656zUBhhF4AaABAg,,False,@cks-n6j,미모 천재다❤❤❤❤❤❤,1,2025-02-13T07:38:57Z,2025-02-13T07:38:57Z
UgwjK8e-FJLrJsP1O914AaABAg,,False,@北のぺーさん,❤,0,2025-02-13T07:38:16Z,2025-02-13T07:38:16Z
UgwyDVhTdmc_pHJCMKd4AaABAg,,False,@성아-j4j,요즘 지워니 보는 낙으로 산다,1,2025-02-13T07:38:14Z,2025-02-13T07:38:14Z
UgygzVChkXQi-F5XDzR4AaABAg,,False,@WingedSkyes,So pretty~ and so talented! 🧡💜🧡💜,10,2025-02-13T07:33:01Z,2025-02-13T07:33:01Z
UgyYvSET-F65Y9GEGQV4AaABAg,,False,@stuguy2,"모두가 원영, 안유진, 레이에 대해 이야기하고 있어요. 리즈는 너무 예쁘고 재능이 넘치고 목소리도 너무 좋아요...완전 과소평가됨...",0,2025-02-13T07:32:19Z,2025-02-13T07:32:19Z
UgzIqZihU1J5G86zPX14AaABAg,,False,@폴프에다이브_IVE,리즈 두눈 다감을 때 ㄹㅇ 넘 귀여움ㅜ,13,2025-02-13T07:30:51Z,2025-02-13T07:30:51Z
UgwPXJ83IeycB2AWCZN4AaABAg,,False,@kite._o.x,너무 귀여운거 아니냐구우❤,3,2025-02-13T07:30:38Z,2025-02-13T07:30:38Z
UgxOiA_hoAdx648CTMF4AaABAg,,False,@J.H-luck,리즈는 계속 리즈중..😻,11,2025-02-13T07:30:01Z,2025-02-13T07:30:01Z
Ugw-GHaU1zROoqBHxaN4AaABAg,,False,@jsoy1126,리즈는 항상 예쁘당❤,3,2025-02-13T07:29:01Z,2025-02-13T07:29:10Z
Ugw_kEdFeBFCSPcR93d4AaABAg,,False,@뽀아입니다,후하후하 넘 예뻐서 호흡곤란옴,1,2025-02-13T07:28:20Z,2025-02-13T07:28:20Z
UgylCn1PamrvoO51RDd4AaABAg,,False,@hay_an,너무 예쁘다❤😊,2,2025-02-13T07:27:42Z,2025-02-13T07:27:42Z
Ugz6ZvUD0_5-1ODcvJp4AaABAg,,False,@Kazutora_10,lizzzzz 🤍🤍,0,2025-02-13T07:26:32Z,2025-02-13T07:26:32Z
Ugw7GXPyef0U84wedWx4AaABAg,,False,@김혜경-f2m,리즈언니 넘 이뿌❤❤❤,0,2025-02-13T07:25:59Z,2025-02-13T07:25:59Z
UgzV7tRZUrGvovVR5cV4AaABAg,,False,@유진업고튀어_댕콩접,"허버법  ❤️‍🔥 리즈 미모 실화냐구...
진짜 리즈 고음은 누구도 못이기지 ❤️‍🔥",3,2025-02-13T07:25:53Z,2025-02-13T07:25:53Z
Ugw6ODmFK9vuQzzvUId4AaABAg,,False,@Gyubestyoungg,I'm surprised by this activity of Ive,1,2025-02-13T07:25:29Z,2025-02-13T07:25:29Z
UgzB4soPGYR_vLmPQd54AaABAg,,False,@ive_logy,Elegant queen,2,2025-02-13T07:23:29Z,2025-02-13T07:23:29Z
UgxfZ9grqc9HroS9tex4AaABAg,,False,@치즈냥이123,리즈 너무 예쁘다❤❤❤,10,2025-02-13T07:22:04Z,2025-02-13T07:22:04Z
UgzdITRogIn4hpvQLPt4AaABAg,,False,@chaeyoon_yaeseul,"리즈는 예쁘기도 한데 춤도 대박 잘쳐
리즈 완전 최고👍",12,2025-02-13T07:21:59Z,2025-02-13T07:21:59Z
Ugyl_Oe9yHuAlBU3qg54AaABAg,,False,@engxne_div3,LIZ ATE THIS ERA ❤,2,2025-02-13T07:20:45Z,2025-02-13T07:20:45Z
UgzPVS9-MJePHffkPbd4AaABAg,,False,@bon633,Liz looks so pretty,18,2025-02-13T07:20:13Z,2025-02-13T07:20:13Z
UgwEDkzy_GFhcWaiLRB4AaABAg,,False,@녕뽀_123,꺄 여신들정!,0,2025-02-13T07:19:22Z,2025-02-13T07:19:22Z
Ugwltm-DZzmMgM1p2QJ4AaABAg,,False,@yujin멍집사,리즈는 점점 미모까지 예뻐지넹❤❤❤❤😊,4,2025-02-13T07:19:14Z,2025-02-13T07:19:14Z
UgxJXpZmwFTxhCHNubp4AaABAg,,False,@haroldwayne8333,so pretty❤ i can't move😮help?😂,0,2025-02-13T07:17:43Z,2025-02-13T07:17:43Z
Ugx9uDM2o7W-jaS-PJR4AaABAg,,False,@hc0059,리즈~~~🥰🧡✨🧡,5,2025-02-13T07:14:35Z,2025-02-13T07:14:35Z
Ugz-54Cj1Ur6TEi2QRt4AaABAg,,False,@WhiteSkull_AF,Liz só BEAUTIFUL 😍🥰❤️,6,2025-02-13T07:14:28Z,2025-02-13T07:14:28Z
UgxKy_0hnHU5uTCuvzZ4AaABAg,,False,@IROHA-j5g,歌も上手くてかわいいリズちゃん最強すぎる,38,2025-02-13T07:12:35Z,2025-02-13T07:12:35Z
UgyOhCrABIWivI4NFzF4AaABAg,,False,@user-aaaaaaa12,髪色が衣装に映えてかわいい🥹💕✨✨,2,2025-02-13T07:12:28Z,2025-02-13T07:12:28Z
UgzCsRcC25oTjSL24WR4AaABAg,,False,@이다은-j4z,리즈 사랑해❤,4,2025-02-13T07:11:16Z,2025-02-13T07:11:16Z
UgwXZNsGzHXRA3vikmN4AaABAg,,False,@다이브0415-k1r,리즈언니 넘 예뻐❤❤❤❤❤,4,2025-02-13T07:08:41Z,2025-02-13T07:08:41Z
UgzBr4GPWjlqEEqyesx4AaABAg,,False,@ysveo86,리즈야 요즘 완전 리즈야,3,2025-02-13T07:08:21Z,2025-02-13T07:08:21Z
UgxriWuReJ97WeeF-et4AaABAg,,False,@떡상바라기로라,난 요즘 리즈 저 포토타임만 보고싶음…졸귀야,3,2025-02-13T07:07:47Z,2025-02-13T07:07:47Z
Ugx1u2dIt6trnRnupMZ4AaABAg,,False,@kumming5243,Liz啊liz💖,1,2025-02-13T07:06:55Z,2025-02-13T07:06:55Z
Ugy47CHjOUzsfUPQBxx4AaABAg,,False,@몽다이의로블과포포,미모 보소❤❤❤❤❤,3,2025-02-13T07:06:44Z,2025-02-13T07:06:44Z
UgznkjsaReshF0MdzI14AaABAg,,False,@中村格英-c5t,"🤩🙆🙌🙌🙌🙌🙌❤️‍🔥❤️‍🔥❤️‍🔥😤
じゃあ魂の炎で溶かしましょう😤🔥🔥🔥🔥🔥(⁠≧⁠▽⁠≦⁠)",0,2025-02-13T07:06:38Z,2025-02-13T07:06:38Z
UgyjMBnOOFtzHvJm3Qh4AaABAg,,False,@귀요미퀸수려유진퀸,"섹시하다
🌟🌟🌟아이브 🌟🌟🌟
✨️귀요미리즈❣️✨️
냐오옹 사랑해❤️~",1,2025-02-13T07:05:31Z,2025-02-13T07:05:31Z
UgzZOYoOiHg5Mpg9BDN4AaABAg,,False,@리쏘-rIs,리즈너무이쁘다❤,3,2025-02-13T07:05:05Z,2025-02-13T07:05:05Z
UgwWcte-yIDHe5yLgbl4AaABAg,,False,@Rel-l7v,라이브 리즈 고음 미쳤덤뎀ㄷㄷ 미모도 좋게 고음도 잘하고 못 하는게 뭐얌?❤❤❤❤❤❤❤❤,3,2025-02-13T07:05:02Z,2025-02-13T07:05:02Z
UgxTdqQ3QctSql8wzHt4AaABAg,,False,@playsaks.2443,Jiwon ahhhh❤,1,2025-02-13T07:04:46Z,2025-02-13T07:04:46Z
UgwQQaKs7Dr-AoMowap4AaABAg,,False,@tyhju1234,지원아 개예뻐,3,2025-02-13T07:04:19Z,2025-02-13T07:04:19Z
Ugxzr_Tcu7hxktA5o7x4AaABAg,,False,@yuni583,❤❤❤,0,2025-02-13T07:03:47Z,2025-02-13T07:03:47Z
UgyNtRGVsmLiJ1gCrCJ4AaABAg,,False,@zippo10101010,사랑해요❤,0,2025-02-13T07:03:11Z,2025-02-13T07:03:11Z
UgxcdLXGMBnNPQNO0zt4AaABAg,,False,@minutemen1045,진짜 조녜보스네 ㄹㅇ루,0,2025-02-13T07:02:44Z,2025-02-13T07:02:44Z
Ugw08sTyAKruv5PUSF94AaABAg,,False,@user-soevdy,31분전 미친!!! 리즈 개이쁘네💗💗,0,2025-02-13T07:02:34Z,2025-02-13T07:02:34Z
UgwkED3iGFx7sh18xCl4AaABAg,,False,@おばぶなんちゃん,リズちゃん最高😊😊,1,2025-02-13T07:02:20Z,2025-02-13T07:02:20Z
UgzVgNg9EyE7feBVSIR4AaABAg,,False,@auntrose97929,Liz is so pretty✨🤍,1,2025-02-13T06:58:55Z,2025-02-13T06:58:55Z
UgyZXvhuYa7uCqIcaQp4AaABAg,,False,@Ruda_u9v,리즈 웰케 이쁨❤❤❤,5,2025-02-13T06:58:51Z,2025-02-13T06:58:51Z
Ugw0qc8W5ZIZijwrZCB4AaABAg,,False,@세아깡먹는리이,리즈 요즘 너무 이쁜듯..,3,2025-02-13T06:57:38Z,2025-02-13T06:57:38Z
UgzHnLPeJxCn7s35hEV4AaABAg,,False,@다이브1-e,리즈건강하고힘냉,2,2025-02-13T06:56:29Z,2025-02-13T06:56:29Z
UgzMSdjiTwZTQv7DLz14AaABAg,,False,@다이브-ive6,치즈냥이🐱💛,1,2025-02-13T06:55:40Z,2025-02-13T06:55:40Z
UgxZsH5u__anunCPfXx4AaABAg,,False,@코럽이슬,700 ..,0,2025-02-13T06:55:23Z,2025-02-13T06:55:23Z
Ugxfhi7F8ylMsna57yp4AaABAg,,False,@user-CherryCometWY102,❤❤❤❤❤❤❤,0,2025-02-13T06:55:04Z,2025-02-13T06:55:04Z
UgyYppLlcMDqqfJ1Bw94AaABAg,,False,@여너-135,"내 최애❤ 앞으로 건강하게 활동해줘❤ 리즈 넘 옙쁘다..
앞으로도! 응원할게❤",1,2025-02-13T06:54:04Z,2025-02-13T06:54:04Z
UgySTgWMHKRyxd7ET_F4AaABAg,,False,@chill칠즈,미소녀 그 자체…,6,2025-02-13T06:53:50Z,2025-02-13T06:53:50Z
UgwNb39hVnSJYaRpcLF4AaABAg,,False,@Yoonzino8,She made the dance look very easy❤🥹  love youu lizzz,5,2025-02-13T06:53:37Z,2025-02-13T06:53:37Z
UgxuI0vniaGY_EQYPot4AaABAg,,False,@유유유-e2c,리즈 가자 가자,6,2025-02-13T06:52:16Z,2025-02-13T06:52:16Z
UgxtIpItGu35wLyedPx4AaABAg,,False,@gibbro-j7f,I LOVE YOU LIZ!!!!!!!!!!!! I LOVE IVE!!!!!!!!!!!!! DIVE FOREVER!!!!!!!!!!!!!!!!!!!!!!,2,2025-02-13T06:51:48Z,2025-02-13T06:51:48Z
Ugx_ms_UOjiq7Czn_XB4AaABAg,,False,@ykkecy2000,리즈언니는진짜점점이뻐지고넘날씬한뜻살쪄야될뜻❤,9,2025-02-13T06:51:18Z,2025-02-13T06:51:18Z
UgzstMs9mttITDd_3m14AaABAg,,False,@나은-r6e,리즈는 리즈 갱신을 한다!♡!♡,2,2025-02-13T06:48:49Z,2025-02-13T06:48:49Z
Ugws8Kcj0xL3tfv2HVd4AaABAg,,False,@natajungie5912,Liz ❤,1,2025-02-13T06:48:30Z,2025-02-13T06:48:30Z
UgxPhQdX-LzOYJEu-a94AaABAg,,False,@민민-q1z,너무 이뻐❤,1,2025-02-13T06:47:59Z,2025-02-13T06:47:59Z
UgybORiIWmvP4WNr2LV4AaABAg,,False,@유냥이-a,리즈 미모 요즘 무슨 일ㅜㅜ❤❤,12,2025-02-13T06:47:49Z,2025-02-13T06:47:49Z
UgzHDnF69bwFTs60LCl4AaABAg,,False,@kein2607,💘💘💘,0,2025-02-13T06:47:47Z,2025-02-13T06:47:47Z
UgwD_Ljp7xIeA171usJ4AaABAg,,False,@volumeeyu.,Soooooo pretty🍊🐱,1,2025-02-13T06:45:40Z,2025-02-13T06:45:40Z
UgwLxOlLl3N6bNmSmyh4AaABAg,,False,@twilight804,She's like Marin Kitagawa ❤❤❤,4,2025-02-13T06:45:38Z,2025-02-13T06:45:38Z
UgxrKzMryvRDDJTPF9l4AaABAg,,False,@callisto,"Blonde Liz, Best Liz!❤",0,2025-02-13T06:45:28Z,2025-02-13T06:45:28Z
UgyqBIFe3GYoK-Q-And4AaABAg,,False,@BtsForever-x3u,Liz so beautiful 😍,25,2025-02-13T06:44:41Z,2025-02-13T06:44:41Z
Ugz-gO4oApXay2mYg6p4AaABAg,,False,@양상철-k5i,^^  🚬,0,2025-02-13T06:44:37Z,2025-02-13T06:44:37Z
Ugz8MnLhCzKBW02t7nx4AaABAg,,False,@yangjun-cf3ls,리즈는 너무 예뻐요❤❤❤❤❤❤,1,2025-02-13T06:43:44Z,2025-02-13T06:43:44Z
Ugy_MOb7cgoeFc3C_I94AaABAg,,False,@qhqo2284,끼부리는 리즈 너므좋다,6,2025-02-13T06:43:41Z,2025-02-13T06:43:41Z
UgxYYpVueYiGd-yqlEJ4AaABAg,,False,@yunkong_529,리즈❤️❤️,1,2025-02-13T06:43:08Z,2025-02-13T06:43:08Z
UgyWFHrZuEN26qI-KIh4AaABAg,,False,@권영선-y3q,12분 전!!!,0,2025-02-13T06:43:05Z,2025-02-13T06:43:05Z
UgxnUMxebKa32ah5H3d4AaABAg,,False,@손찌냥,공주님 등장❤,2,2025-02-13T06:42:52Z,2025-02-13T06:42:52Z
Ugz7MWQH4mHNLTmr1lV4AaABAg,,False,@swdive,리즈언니 진짜 여신이다❤,1,2025-02-13T06:42:31Z,2025-02-13T06:42:31Z
UgwS4BRhMywnoYrw-Jh4AaABAg,,False,@항상감사합니다-j9s,本当に綺麗✨,7,2025-02-13T06:41:51Z,2025-02-13T06:41:51Z
UgyiEVbxm5jf8jUer7x4AaABAg,,False,@vs_1714,Cheeze Nyang🐱💓✨,1,2025-02-13T06:41:18Z,2025-02-13T06:41:18Z
UgxGVq3wLVU9o6XxfOV4AaABAg,,False,@vasudevtiwaritales20,Liz so pretty love you ❤,1,2025-02-13T06:41:12Z,2025-02-13T06:41:12Z
UgxYiHEuknJTM9u4LN14AaABAg,,False,@해바라기-h9z,리즈의 매력에 [다이브] 해버렸잖아,3,2025-02-13T06:41:02Z,2025-02-13T06:41:02Z
Ugy2GW4AVX9LkbtmmBB4AaABAg,,False,@daggeronly,절세미녀로군.,0,2025-02-13T06:40:43Z,2025-02-13T06:40:43Z
UgzZfMIe0p7i2NAGlnl4AaABAg,,False,@해바라기-h9z,리즈 너무 좋아! 사랑해❤️❤️,1,2025-02-13T06:40:21Z,2025-02-13T06:40:21Z
Ugz7DBV98P9uowPnkT94AaABAg,,False,@정지은-i3m,리즈 미모 미쳤다❤,20,2025-02-13T06:40:06Z,2025-02-13T06:40:06Z
Ugx_U8Cmizvjm0VivZx4AaABAg,,False,@뽀앵양이,리즈턴 개잘하누,0,2025-02-13T06:39:18Z,2025-02-13T06:39:18Z
Ugy_q_C__1twUPYqZ_h4AaABAg,,False,@heekyungjun,❤❤❤,0,2025-02-13T06:38:01Z,2025-02-13T06:38:01Z
UgwonCE20up2z-DYvI14AaABAg,,False,@anyo1997,🥶,0,2025-02-13T06:37:59Z,2025-02-13T06:37:59Z
UgxnJHJvlQ3MZkFJXnl4AaABAg,,False,@보쌈핑조아하는하뇽핑,"리즈 베레모 넘 이쁘다….
금발 머리 잘 어울려❤",2,2025-02-13T06:37:54Z,2025-02-13T06:37:54Z
UgwgjKtISp6sqiyelYF4AaABAg,,False,@junonbouya,LITERALLY IVE EMPATHY IS LIZ'S ERA 🔥🔥🔥🔥💖💖💖💖,15,2025-02-13T06:37:53Z,2025-02-13T07:29:28Z
UgzIceUN-uman7Q1Szx4AaABAg,,False,@userchocobol,"리즈 점점 리즈 찍는듯?이라고 생각 하는 사람 여기로
👇
👇
👇
👇",4,2025-02-13T06:37:48Z,2025-02-13T06:37:48Z
UgzHl2xtH_eHl9PJDop4AaABAg,,False,@lwritter,리즈 진짜 예쁘다❤,1,2025-02-13T06:37:42Z,2025-02-13T06:37:42Z
UgxwXBuDprLWt_IGvn14AaABAg,,False,@nn_lyg,リズの綺麗な高音は世界を救う,197,2025-02-13T06:37:41Z,2025-02-13T06:37:41Z
UgyW0oh-q5554Vm7Clx4AaABAg,,False,@ktxllllllllll,리즈 언니는 오늘도 이쁘다❤,1,2025-02-13T06:37:39Z,2025-02-13T06:37:39Z
UgwysZl_BWPJsZk825t4AaABAg,,False,@yuri_meow-7,리즈 진짜 이쁘다.. 더 이뻐지네✨,15,2025-02-13T06:37:26Z,2025-02-13T06:37:26Z
UgxShxeDmQMyiQ49iL94AaABAg,,False,@WITFITMAN.,LOVE LIZ 🤟🏻💟💟💟💟💟💟💟💟💟💟💟💟💟💟,1,2025-02-13T06:37:06Z,2025-02-13T06:37:06Z
UgzTeLxZ1__NqMt2mwB4AaABAg,,False,@나타샤-n8x,치마에 달려있는.. 리본? 없애주세요..ㅠㅠ,0,2025-02-13T06:37:03Z,2025-02-13T06:37:03Z
UgyIf_4lwuPKkE4brB54AaABAg,,False,@over뿌뿌,리즈는 금발여신이야ㅑㅑㅏㅏ❤❤❤❤,5,2025-02-13T06:36:57Z,2025-02-13T06:37:01Z
Ugw0M8ffrqCP9WIQlOZ4AaABAg,,False,@샤.브이로그,내가 700만듬요,1,2025-02-13T06:36:51Z,2025-02-13T06:36:51Z
Ugw0M8ffrqCP9WIQlOZ4AaABAg.AEThtLSBOy1AEU4bZFkG-F,Ugw0M8ffrqCP9WIQlOZ4AaABAg,True,@샤.브이로그,사진 있는데요? 원하시면 커뮤에 올려드림,0,2025-02-13T10:04:08Z,2025-02-13T10:04:22Z
Ugw5gKCG3QgwjXB0fJZ4AaABAg,,False,@RAINWOOLF,삐삐파트 너무이뻥,1,2025-02-13T06:36:48Z,2025-02-13T06:36:48Z
UgwGIQAyXXirbNwD89B4AaABAg,,False,@라이츄빌런,리즈는 뭘해도 예뻐❤❤❤❤,14,2025-02-13T06:36:31Z,2025-02-13T06:36:31Z
UgyevpJ6f4L4pl_LmXV4AaABAg,,False,@완전럭키먼지잖아,이번 신곡도 그렇고 노래 하나하나̆̈ 멤버들 특징 잘 살린듯👍👍,0,2025-02-13T06:36:31Z,2025-02-13T06:36:31Z
Ugz_yBqIcQ4kRMCd1SR4AaABAg,,False,@bucksnights,Liz my love ❤,0,2025-02-13T06:36:30Z,2025-02-13T06:36:30Z
UgzPcwlLgZr9CXdiS454AaABAg,,False,@youliannalee3005,5분전이당 리즈님 사룽해♡,1,2025-02-13T06:36:27Z,2025-02-13T06:36:27Z
UgxTUtkWq5E2FtldMOh4AaABAg,,False,@김은정-r2v,역시 우리 치즈냥이.. 춤도 잘추고 그냥 춤선부터 타고난..❤,8,2025-02-13T06:36:16Z,2025-02-13T06:36:16Z
UgxUBYGDNnq8TAjk1ph4AaABAg,,False,@세아72,리즈 미쵸더,2,2025-02-13T06:36:01Z,2025-02-13T06:36:01Z
UgyByphjp_DTo7HiHQ14AaABAg,,False,@매빡이-1,지금 좋아요수 647!!,0,2025-02-13T06:35:37Z,2025-02-13T06:35:37Z
Ugz1BLCybpJpIuehCAp4AaABAg,,False,@번지-v9c,아이브ㅡㅡㅡㅡ,0,2025-02-13T06:35:34Z,2025-02-13T06:35:34Z
UgwXA4GMgjQ8_d3mmMN4AaABAg,,False,@Lhj_mg,치즈냥 리즈누나는 진짜 언제봐도 예쁜 듯❤,3,2025-02-13T06:35:32Z,2025-02-13T06:35:32Z
UgyWaXPPZ7vXg0gcU9h4AaABAg,,False,@햄쥑이-u5w,우리 사랑둥이 지원이💗,0,2025-02-13T06:35:32Z,2025-02-13T06:35:32Z
Ugzp1VQDVQLOM1miFn94AaABAg,,False,@찰미-h3p,감귤아 항상 아이팅! 응원할게!,2,2025-02-13T06:35:18Z,2025-02-13T06:35:18Z
UgxmmfLaSvg89zFehzR4AaABAg,,False,@연밤을머거버린에나,너무 이뽀오ㅠ❤❤,1,2025-02-13T06:35:06Z,2025-02-13T06:35:06Z
UgzJQ8k3sjJnv3sa-bh4AaABAg,,False,@みにあに,リズちゃんのダンスも歌声も大好き！,41,2025-02-13T06:34:31Z,2025-02-13T06:34:31Z
UgzWoXbR7GymCorb7294AaABAg,,False,@밍슈린,리즈 개 이뻐..,3,2025-02-13T06:34:17Z,2025-02-13T06:34:17Z
UgwWen8Ai-pz-pwW2m94AaABAg,,False,@BOON618,으아나 넘 이뻐여(3분전이드아아),5,2025-02-13T06:34:10Z,2025-02-13T06:34:10Z
Ugy2xNOAN1piB_0_DJh4AaABAg,,False,@설렘잡아먹은예쁜쏘율,리즈곤듀 넘 이뿌당❤❤❤,2,2025-02-13T06:33:59Z,2025-02-13T06:33:59Z
UgwKJyzzDhlOgBqpGKN4AaABAg,,False,@m.sourcej5593,CG네,1,2025-02-13T06:33:49Z,2025-02-13T06:33:49Z
UgwKJyzzDhlOgBqpGKN4AaABAg.AEThY7K99dHAETi1RO3DRW,UgwKJyzzDhlOgBqpGKN4AaABAg,True,@리즈고양이가될테야,뭐가요?,0,2025-02-13T06:38:05Z,2025-02-13T06:38:05Z
UgwKJyzzDhlOgBqpGKN4AaABAg.AEThY7K99dHAETie2oVtVi,UgwKJyzzDhlOgBqpGKN4AaABAg,True,@m.sourcej5593,@리즈고양이가될테야   비현실적이게 생김 ㅋㅋ 아이브에서 제일예쁜듯,1,2025-02-13T06:43:30Z,2025-02-13T06:43:30Z
UgwKJyzzDhlOgBqpGKN4AaABAg.AEThY7K99dHAETigW7axfj,UgwKJyzzDhlOgBqpGKN4AaABAg,True,@m.sourcej5593,@리즈고양이가될테야  비현실적 미모,1,2025-02-13T06:43:50Z,2025-02-13T06:43:50Z
UgwKJyzzDhlOgBqpGKN4AaABAg.AEThY7K99dHAETjlM8i1zk,UgwKJyzzDhlOgBqpGKN4AaABAg,True,@리즈고양이가될테야,@@m.sourcej5593 아 외모가 그렇긴 해요.. 장원영은 너무 예뻐서 찐 CG 같은데 리즈는 그나마 현실적인 외모에요,0,2025-02-13T06:53:14Z,2025-02-13T06:53:14Z
UgyxI2Cafx7eYjQRXDR4AaABAg,,False,@ImKingba,1분 이따 왔는데 좋아요 1에서 319 댓글2에서 57 실화냐,0,2025-02-13T06:33:43Z,2025-02-13T06:33:43Z
Ugx32NHcCY6mkrttmzt4AaABAg,,False,@채린-h4r,리즈언니!귀엽당!!❤🎉😊,4,2025-02-13T06:33:38Z,2025-02-13T06:33:38Z
UgwTxWWLnrolgqV6DZt4AaABAg,,False,@fullsun_ny,리즈가 리즈찍는중❤❤❤,1,2025-02-13T06:33:16Z,2025-02-13T06:33:16Z
UgyWaZLHJxHk9GvvC7N4AaABAg,,False,@Dani_Wales,Trop belle 😍,1,2025-02-13T06:32:56Z,2025-02-13T06:32:56Z
UgzlGbpR2gwWFOjo-xl4AaABAg,,False,@carpe1212diem,"이제 때가 되었다!
리즈가 세상의 중심이 될 때가🧡",4,2025-02-13T06:32:51Z,2025-02-13T06:32:51Z
UgxiJjPqWcMTTuCedI94AaABAg,,False,@cheerysong,이쁘다ㅜ❤,2,2025-02-13T06:32:41Z,2025-02-13T06:32:41Z
UgxgR-VfoFbrEhQ-rXl4AaABAg,,False,@잼아_i,"리즈야 너무 예쁘다💛
이번 리즈 찐 레전드🩵",13,2025-02-13T06:32:26Z,2025-02-13T06:32:26Z
UgzYItBXd2Mw-h3lOHd4AaABAg,,False,@VagaboneBlink,Don't unfreeze me i love it here😅,0,2025-02-13T06:32:16Z,2025-02-13T06:32:16Z
UgwiTYfT0g-1AXv9W5B4AaABAg,,False,@EugeniaAlvarez-o5l,우선 저는 당신을 정말 사랑해요 ❤️❤️❤️❤️❤️,0,2025-02-13T06:31:56Z,2025-02-13T06:31:56Z
Ugw2X1lhhHEZi-QRz2x4AaABAg,,False,@Leesky_a,리즈야 목 관리 잘하고 지금처럼 열심히 건강하게 활동해줘❤ 항상 사랑해❤,13,2025-02-13T06:31:54Z,2025-02-13T06:31:54Z
UgzDeutqe2115Lcu5AR4AaABAg,,False,@안댕댕ang,리즈누나 너무 예쁘고 아름답다❤,11,2025-02-13T06:31:53Z,2025-02-13T06:31:53Z
Ugw9LibBQ9fpZ0xTPsZ4AaABAg,,False,@로라-k2c,"리즈 진짜 너모 예쁘당❤
아이브 애티튜드 1위 가자!❤",2,2025-02-13T06:31:48Z,2025-02-13T06:31:48Z
Ugxi7pee3lWcQdh0qNx4AaABAg,,False,@노찹구리,"리즈 겁나 예쁘다고 생각하는사람
⬇️",3,2025-02-13T06:31:47Z,2025-02-13T06:32:11Z
UgxtrCYtFJUz0aKLoOV4AaABAg,,False,@리쿠-2013,겁나 이쁘다🤍,1,2025-02-13T06:31:34Z,2025-02-13T06:31:34Z
UgxevMdPV7LJiaABpH94AaABAg,,False,@레서-ive,넘예쁘다ㅠㅜ리즈사랑해❤,8,2025-02-13T06:31:33Z,2025-02-13T06:31:33Z
Ugz32jcHvLBe-qxhLwt4AaABAg,,False,@으미다,진짜 언제까지 이뻐질꺼야양,2,2025-02-13T06:31:31Z,2025-02-13T06:31:31Z
UgzXiRCnMduk4kpFMDJ4AaABAg,,False,@cuteanime9447,❤❤❤,0,2025-02-13T06:31:31Z,2025-02-13T06:31:31Z
UgyAdCD_ZnGbspcuv7N4AaABAg,,False,@라우_163,"아싸아 넘이뻐.. 나의 차애..
고양잉🐱🐈 :)
넘잘춘다..",7,2025-02-13T06:31:30Z,2025-02-13T06:31:30Z
UgyyjgABRNDwUXtKn214AaABAg,,False,@Hyewon_1,리즈는 춤도 잘추고 음색도 좋고 대체 못하는게 뭐야 .. ❤❤ 너무 예쁘다,8,2025-02-13T06:31:25Z,2025-02-13T06:31:25Z
UgxHMUPdzjUhKlhf3YB4AaABAg,,False,@B.xlin1,아 진짜 아름다워어,1,2025-02-13T06:31:24Z,2025-02-13T06:31:24Z
UgxO9Gz_NBeXE5GYEGh4AaABAg,,False,@연써서,개 기엽당..,1,2025-02-13T06:31:21Z,2025-02-13T06:31:21Z
UgwQM3mwzo_TFQOQuV94AaABAg,,False,@빌드-h7d,리즈 춤선 너무 예뻐♥︎,3,2025-02-13T06:31:16Z,2025-02-13T06:31:41Z
UgzWYb--0RUOPi5Fe-V4AaABAg,,False,@HaNLin-im8rz,😍😍😍😍😍,1,2025-02-13T06:31:16Z,2025-02-13T06:31:16Z
UgzviDSJUnbK1jBij_p4AaABAg,,False,@이병걸-n2y,리즈 점점 이뻐지는듯 🙏,44,2025-02-13T06:31:15Z,2025-02-13T06:31:15Z
UgzeFbl2ixwqKxiWoNZ4AaABAg,,False,@royal__camera,리즈는 매일이 리즈,2,2025-02-13T06:31:12Z,2025-02-13T06:31:12Z
Ugz9oyCvlEf0dpY9bjl4AaABAg,,False,@Yoohyeon948,SO PRETTY 💗💗,4,2025-02-13T06:31:12Z,2025-02-13T06:31:12Z
UgwAfINghUtZ1kGLcBh4AaABAg,,False,@LETSRocKWithK,Liz!!!,1,2025-02-13T06:31:10Z,2025-02-13T06:31:10Z
UgxY2tCf-ivTIMa4j0x4AaABAg,,False,@댕진쑤,넘 예쁨니다…,1,2025-02-13T06:31:09Z,2025-02-13T06:31:09Z
Ugx8qiwrVLUIWG0TfFt4AaABAg,,False,@가온-o7i,리즈 넘 예뻐!,4,2025-02-13T06:31:09Z,2025-02-13T06:31:09Z
Ugy7eG9ssCv9Mj1-_sB4AaABAg,,False,@michellesilva712,Hello🎉🎉❤,0,2025-02-13T06:31:08Z,2025-02-13T06:31:08Z
UgxS5fq3ZFTQTYr7r-t4AaABAg,,False,@MlNlVE강안지,리즈누나 너무 예쁘다 ❤,16,2025-02-13T06:31:08Z,2025-02-13T06:31:08Z
UgyD-aILI1CC_DbCFc94AaABAg,,False,@최우림-q3y,리즈는  정말 이때가 리즈시절인것같다 ㅎㅎㅎㅎㅎ 그만큼 이쁘다라는겁니다,4,2025-02-13T06:31:08Z,2025-02-13T06:31:08Z
UgxWboPwIruLi03x_Gp4AaABAg,,False,@kim-0805,리즈 진짜 너무예쁘다,4,2025-02-13T06:31:04Z,2025-02-13T06:31:04Z
UgyNCm3NxWQ3WlJH0lJ4AaABAg,,False,@oniy_유온,40초저넝,0,2025-02-13T06:31:03Z,2025-02-13T06:31:03Z
Ugy2q36Ykk19_cdDi2p4AaABAg,,False,@EugeniaAlvarez-o5l,먼저 사랑해요 IVE ❤️❤️❤️,0,2025-02-13T06:31:02Z,2025-02-13T06:31:02Z
UgzCtAE3Auxi9wM_qW54AaABAg,,False,@KSCVX,리즈 이뿌다 아이브 항상 화이팅❤,4,2025-02-13T06:31:01Z,2025-02-13T06:31:01Z
UgyCwa4mq6b3L9ocx9N4AaABAg,,False,@catduck04,리즈 존예다... 염색 잘어울려ㅕ,4,2025-02-13T06:31:00Z,2025-02-13T06:31:00Z
Ugyzel3EQ64ZECs3cLV4AaABAg,,False,@삼삼인데요,리즈 넘예쁘다,3,2025-02-13T06:30:56Z,2025-02-13T06:30:56Z
UgzPd38MGCS4TQLdGPV4AaABAg,,False,@loveweeekly,리즈공주님은 역시 뭘해도 너무너무 여신강림!,20,2025-02-13T06:30:55Z,2025-02-13T06:30:55Z
UgylHhZbbCOPdSY1Iad4AaABAg,,False,@ImKingba,좋아요 2빠,0,2025-02-13T06:30:54Z,2025-02-13T06:30:54Z
UgzcmfycFpKyEp0dSQJ4AaABAg,,False,@잇프라구,리즈미모 무슨일이야❤?넘이뻐...,5,2025-02-13T06:30:53Z,2025-02-13T06:30:53Z
UgxPnvbzD5xwtLm_JeV4AaABAg,,False,@Mrssuki-m9o,まじでサビ入るところの高音大好き,73,2025-02-13T06:30:49Z,2025-02-13T06:30:49Z
UgwhK1B_a67QXuaZRY14AaABAg,,False,@말랑1004,❤🐱,1,2025-02-13T06:30:48Z,2025-02-13T06:30:48Z
UgyK6J_e74RRrut-pcl4AaABAg,,False,@Wonyoung_forever105,"Liz carries herself with the best elegance, I love her! ❤",85,2025-02-13T06:30:46Z,2025-02-13T06:30:46Z
UgyrNM_MM3GrrksYFGZ4AaABAg,,False,@roseanneonlymy,My baby,0,2025-02-13T06:30:45Z,2025-02-13T06:30:45Z
UgyZuidGKOaJgHE4ZrF4AaABAg,,False,@Chuu._.0453,진짜 이쁘다 ㅠㅠㅠㅠ 사랑해!!!,2,2025-02-13T06:30:45Z,2025-02-13T06:30:45Z
UgxAT2WFVmzV-1Oeka14AaABAg,,False,@이서-잇쵸,리즈,1,2025-02-13T06:30:42Z,2025-02-13T06:30:42Z
UgxEVCSoV87xborlTYh4AaABAg,,False,@ImKingba,1빠,0,2025-02-13T06:30:42Z,2025-02-13T06:30:42Z
UgxwX2TH4OzXiSO1Ki54AaABAg,,False,@문병호-l1t,리즈짱!,2,2025-02-13T06:30:42Z,2025-02-13T06:30:42Z
UgxJb-jt34a0ZDEx6Mp4AaABAg,,False,@hansuuuuuua,아름다운!!,1,2025-02-13T06:30:40Z,2025-02-13T06:30:40Z
UgyJ0XKTaKJnolP86GJ4AaABAg,,False,@체리삐,꺄 1빠.ᐟ❤,0,2025-02-13T06:30:38Z,2025-02-13T06:30:38Z
UgxtWHUaDq1OXm1y9MV4AaABAg,,False,@꾸니임당,리즈 사랑해ㅠㅠ❤,2,2025-02-13T06:30:38Z,2025-02-13T06:30:38Z
UgzqRk-Mjb-NUbEJqSh4AaABAg,,False,@PiggybananasBathtub,AHH LIZ YOUR SO GORGEOUS AND TALENTED ❤❤❤❤,12,2025-02-13T06:30:37Z,2025-02-13T06:30:37Z
Ugw62AU6M0i1a4Mk4X94AaABAg,,False,@You_La.x05,아ㅜ개이쁘다 1빠❤,2,2025-02-13T06:30:37Z,2025-02-13T06:30:37Z
UgxzuIntHUJnTxGRVOV4AaABAg,,False,@0624qwerlove,미친 개빨리옴,0,2025-02-13T06:30:36Z,2025-02-13T06:30:36Z
UgwBISQD7cbgkEHId8t4AaABAg,,False,@Sanaiskawaii7214,❤,1,2025-02-13T06:30:36Z,2025-02-13T06:30:36Z
UgxOvLxSMD-e2wtjYht4AaABAg,,False,@Mill.xx3,1빵,1,2025-02-13T06:30:34Z,2025-02-13T06:30:34Z
UgzclxgdL6u69FBMy1x4AaABAg,,False,@대이브,사랑해요 리즈,0,2025-02-13T06:30:31Z,2025-02-13T06:30:31Z
UgyzdpXbPzJANalohNV4AaABAg,,False,@금빈포카,너무 이쁘다 ㅠ 헐 최신순에서 맨 밑 2번째 ?? 2빠댜아 !!,4,2025-02-13T06:30:29Z,2025-02-13T06:33:39Z
UgwJrtSyxjCkz1Dlch94AaABAg,,False,@히애_h.eloveU,와아악 1빠 리즈 너무 예쁘잔ㄴ아❤❤❤ 행운은늘 리즈편🥰🍀,4,2025-02-13T06:30:25Z,2025-02-13T06:38:35Z
